楽曲ID,曲名,かな,アーティスト,区分,形態,投稿日,CD,アルバム名義,
M0001,USSS GPT,ゆーえすえすえすじーぴーてぃー,浦島坂田船,オリジナル,全員,2026/04/01,-,,
M0002,TENTH,てんす,浦島坂田船,オリジナル,全員,2026/03/23,-,,
M0003,右肩の蝶,みぎかたのちょう,"志麻,センラ",カバー,ペア,2026/03/08,-,,
M0004,宵,よい,浦島坂田船,オリジナル,全員,2026/03/03,-,,
M0005,薄紅,うすべに,浦島坂田船,オリジナル,全員,2026/03/06,TA13OO,,
M0006,輪々春廻,りんりんしゅんかい,浦島坂田船,オリジナル,全員,2026/02/27,-,,
M0007,ジェヘナ,じぇへな,"となりの坂田。,センラ",カバー,ペア,2026/02/25,-,,
M0008,PPPP,ぴぴぴぴ,"うらたぬき,センラ",カバー,ペア,2026/01/30,-,,
M0009,ラメグラデーション,らめぐらでーしょん,浦島坂田船,オリジナル,全員,2026/01/16,TA13OO,,
M0010,フライングゲット,ふらいんぐげっと,浦島坂田船,カバー,全員,2025/12/25,-,,
M0011,女々しくて,めめしくて,"志麻,となりの坂田。",カバー,ペア,2025/12/21,-,,
M0012,ずっとずっと。,ずっとずっと,"志麻,となりの坂田。",オリジナル,ペア,2025/11/29,-,,
M0013,ガチ恋者達に捧ぐバラッド～キミが笑えば地球も回る～,がちこいじゃたちにささぐばらっどきみがわらえばちきゅうもまわる,"志麻,となりの坂田。",オリジナル,ペア,2025/11/22,-,,
M0014,ダブルフェイス,だぶるふぇいす,浦島坂田船,オリジナル,全員,2025/10/10,-,,
M0015,Exorcise,えくそーさいず,浦島坂田船,オリジナル,全員,2025/10/17,-,,
M0016,被害妄想携帯女子(笑),ひがいもうそうけいたいじょし,浦島坂田船,カバー,全員,2025/10/15,-,,
M0017,KISS THE BULLET,きすざばれっと,浦島坂田船,オリジナル,全員,2025/10/13,-,,
M0018,Happiness,はぴねす,浦島坂田船,カバー,全員,2025/09/21,-,,
M0019,MINE MINE,まいんまいん,浦島坂田船,オリジナル,全員,2025/06/20,WARN12G,,
M0020,宵座興,よいざきょう,浦島坂田船,オリジナル,全員,2025/06/25,WARN12G,,
M0021,Trashy,とらっしー,浦島坂田船,オリジナル,全員,2025/06/25,WARN12G,,
M0022,ワガママOnly Mine,わがままおんりーまいん,浦島坂田船,オリジナル,全員,2024/08/05,WARN12G,,
M0023,P!P!P!P!,ぴぴぴぴ,うらたぬき,オリジナル,ソロ,2025/06/25,WARN12G,,
M0024,言霊,ことだま,志麻,オリジナル,ソロ,2025/06/25,WARN12G,,
M0025,祝辞,しゅくじ,となりの坂田。,オリジナル,ソロ,2025/06/25,WARN12G,,
M0026,Secret KISS,しーくれっときす,センラ,オリジナル,ソロ,2025/06/25,WARN12G,,
M0027,大人A-S-O-V,おとなあそび,"うらたぬき,となりの坂田。",オリジナル,ペア,2025/06/08,WARN12G,,
M0028,Rat-a-tat,らったった,"志麻,センラ",オリジナル,ペア,2025/06/01,WARN12G,,
M0029,You miss me，I know,ゆーみすみーあいのー,浦島坂田船,オリジナル,全員,2025/06/25,WARN12G,,
M0030,あざといんふるえんさー,あざといんふるえんさー,うりゃしましゃかたせん,オリジナル,全員,2025/04/01,WARN12G,,
M0031,月華,ゆえふぁ,浦島坂田船,オリジナル,全員,2025/02/20,WARN12G,,
M0032,U.S.S.S HOLIC,ゆーえすえすえすほりっく,浦島坂田船,オリジナル,全員,2025/06/25,WARN12G,,
M0033,わたしの一番かわいいところ,わたしのいちばんかわいいところ,浦島坂田船,カバー,全員,2025/04/28,-,,
M0034,ハッピーエンドは笑うように,はっぴーえんどはわらうように,浦島坂田船,オリジナル,全員,2025/02/14,-,,
M0035,天ノ弱,あまのじゃく,"うらたぬき,志麻",カバー,ペア,2025/01/31,-,,
M0036,ワールズエンド・ダンスホール,わーるずえんどだんすほーる,"志麻,となりの坂田。",カバー,ペア,2024/12/02,-,,
M0037,ダンサブリミア,だんさぶりみあ,"志麻,となりの坂田。",オリジナル,ペア,2024/11/28,-,,
M0038,ジロティナブル,じろてぃなぶる,"志麻,となりの坂田。",オリジナル,ペア,2024/11/16,-,,
M0039,超毒的LOVE,ちょうどくてきらぶ,浦島坂田船,オリジナル,全員,2024/11/09,-,,
M0040,熱々ワッショイダンス,あつあつわっしょいだんす,浦島坂田船,オリジナル,全員,2024/11/01,-,,
M0041,Secret Answer,しーくれっとあんさー,浦島坂田船,カバー,全員,2024/10/12,-,,
M0042,アイシナヨ,あいしなよ,浦島坂田船,オリジナル,全員,2024/10/11,-,,
M0043,GENTLEMEN'S NIGHT,じぇんとるめんずないと,浦島坂田船,オリジナル,全員,2024/10/04,-,,
M0044,パイレーツオブ宇宙！,ぱいれーつおぶうちゅう,浦島坂田船,オリジナル,全員,2024/09/07,-,,
M0045,ビビデバ,びびでば,"となりの坂田。,センラ",カバー,ペア,2024/08/30,-,,
M0046,アダマントリング,あだまんとりんぐ,浦島坂田船,オリジナル,全員,2024/07/10,Weddiing,,
M0047,ゼンシンゼンレイ好きさ,ぜんしんぜんれいすきさ,浦島坂田船,オリジナル,全員,2024/02/13,Weddiing,,
M0048,幸せのレシピ,しあわせのれしぴ,浦島坂田船,オリジナル,全員,2024/07/10,Weddiing,,
M0049,むしろWhy?,むしろわい,浦島坂田船,オリジナル,全員,2024/06/28,Weddiing,,
M0050,メリメリ,めりめり,うらたぬき,オリジナル,ソロ,2024/07/10,Weddiing,,
M0051,Killer Killer My Love,きらきらまいらぶ,志麻,オリジナル,ソロ,2024/07/10,Weddiing,,
M0052,マグネティック,まぐねてぃっく,となりの坂田。,オリジナル,ソロ,2024/07/10,Weddiing,,
M0053,Flashback,ふらっしゅばっく,センラ,オリジナル,ソロ,2024/07/10,Weddiing,,
M0054,妄想注意報,もうそうちゅういほう,"うらたぬき,となりの坂田。",オリジナル,ペア,2024/07/10,Weddiing,,
M0055,Treat You Better,とりーとゆーべたー,"志麻,センラ",オリジナル,ペア,2024/07/10,Weddiing,,
M0056,シックスセンス・ベル,しっくすせんすべる,浦島坂田船,オリジナル,全員,2024/06/22,Weddiing,,
M0057,ハイサイ守護礼,はいさいしゅごれい,浦島坂田船,オリジナル,全員,2024/07/10,Weddiing,,
M0058,祭唄,まつりうた,浦島坂田船,オリジナル,全員,2024/03/08,Weddiing,,
M0059,フレテ,ふれて,浦島坂田船,オリジナル,全員,2024/07/10,Weddiing,,
M0060,Bling-Bang-Bang-Born,ぶりんぐばんばんぼーん,浦島坂田船,カバー,全員,2024/03/29,-,,
M0061,SAKURA FUBUKI,さくらふぶき,浦島坂田船,オリジナル,全員,2024/03/16,-,,
M0062,脱獄,だつごく,"志麻,となりの坂田。",カバー,ペア,2023/11/29,-,,
M0063,My Sweet Prisoner,まいすいーとぷりずなー,"志麻,となりの坂田。",オリジナル,ペア,2023/11/17,-,,
M0064,可愛くてごめん,かわいくてごめん,浦島坂田船,カバー,全員,2023/10/18,-,,
M0065,おーるでい・おーるにゃいと,おーるでいおーるにゃいと,浦島坂田船,オリジナル,全員,2023/10/14,HALLOWEEEEN PARTY SPECIAL SELECTION,,
M0066,ヘウレーカ,へうれーか,浦島坂田船,オリジナル,全員,2023/09/07,-,,
M0067,＋,ぷらす,浦島坂田船,オリジナル,全員,2023/07/12,Plusss,,
M0068,シャドウ,しゃどう,浦島坂田船,オリジナル,全員,2023/06/09,Plusss,,
M0069,SUNNY,さにー,浦島坂田船,オリジナル,全員,2023/07/12,Plusss,,
M0070,生き証人,いきしょうにん,浦島坂田船,オリジナル,全員,2023/07/12,Plusss,,
M0071,獣王無尽,じゅうおうむじん,浦島坂田船,オリジナル,全員,2023/06/16,Plusss,,
M0072,不可逆性シンクロニシティ,ふかぎゃくせいしんくろにしてぃ,うらたぬき,オリジナル,ソロ,2023/07/12,Plusss,,
M0073,cigar≠kiss,しがーきす,志麻,オリジナル,ソロ,2023/07/12,Plusss,,
M0074,共鳴Tune!,きょうめいちゅーん,となりの坂田。,オリジナル,ソロ,2023/07/12,Plusss,,
M0075,I think,あいしんく,センラ,オリジナル,ソロ,2023/07/12,Plusss,,
M0076,We can fly away，NEW SKY!,うぃーきゃんふらいあうぇいにゅーすかい,"うらたぬき,となりの坂田。",オリジナル,ペア,2023/07/04,Plusss,,
M0077,bloom,ぶるーむ,"志麻,センラ",オリジナル,ペア,2023/06/30,Plusss,,
M0078,LoveLoveLove,らぶらぶらぶ,浦島坂田船,オリジナル,全員,2023/05/27,Plusss,,
M0079,Crossroads,くろすろーど,浦島坂田船,オリジナル,全員,2023/07/12,Plusss,,
M0080,絶景,ぜっけい,浦島坂田船,オリジナル,全員,2023/03/12,Plusss,,
M0081,VOYAGE,ぼやーじゅ,浦島坂田船,オリジナル,全員,2023/07/12,Plusss,,
M0082,レクイエム,れくいえむ,"志麻,となりの坂田。",カバー,ペア,2023/06/02,-,,
M0083,アイドル,あいどる,浦島坂田船,カバー,全員,2023/05/21,-,,
M0084,SHINY,しゃいにー,浦島坂田船,オリジナル,全員,2023/04/04,SHINY,,
M0085,Sweet and Bitter,すいーとあんどびたー,浦島坂田船,オリジナル,全員,2023/04/05,SHINY,,
M0086,ミダリニハルイロ,みだりにはるいろ,浦島坂田船,オリジナル,全員,2023/03/03,SHINY,,
M0087,†Peacock Epoch†,ぴーこっくえぽっく,†Darkness phantom chains†,オリジナル,全員,2023/04/01,SHINY,,
M0088,ホワイトプリンス,ほわいとぷりんす,浦島坂田船,オリジナル,全員,2023/03/14,-,,
M0089,Delicious,でりしゃす,"うらたぬき,センラ",カバー,ペア,2023/03/11,-,,
M0090,絶頂讃歌,ぜっちょうさんか,"となりの坂田。,センラ",カバー,ペア,2023/02/24,-,,
M0091,10 CARAT CHOCOLATE,てんからっとちょこれーと,浦島坂田船,オリジナル,全員,2023/02/14,-,,
M0092,Happy tap people,はっぴーたっぷぴーぽー,"うらたぬき,となりの坂田。",オリジナル,ペア,2023/02/09,-,,
M0093,SWEET,すいーと,"志麻,センラ",オリジナル,ペア,2023/02/04,-,,
M0094,百花繚乱デンジャービーツ,ひゃっかりょうらんでんじゃーびーつ,"うらたぬき,となりの坂田。",オリジナル,ペア,2023/02/03,-,,
M0095,SHININ'DAYS,しゃいにんでいず,"志麻,センラ",オリジナル,ペア,2023/01/28,-,,
M0096,ドラマティックノエル,どらまてぃっくのえる,浦島坂田船,オリジナル,全員,2022/12/23,-,,
M0097,PAPER MOON,ぺーぱーむーん,"志麻,となりの坂田。",オリジナル,ペア,2022/11/30,-,,
M0098,RED,れっど,"志麻,となりの坂田。",オリジナル,ペア,2022/11/25,-,,
M0099,シャンティ,しゃんてぃ,"志麻,となりの坂田。",カバー,ペア,2022/11/06,-,,
M0100,ジャックオーランタン,じゃっくおーらんたん,浦島坂田船,オリジナル,全員,2022/10/20,HALLOWEEEEN PARTY SPECIAL SELECTION,,
M0101,ゾンビ,ぞんび,浦島坂田船,カバー,全員,2022/10/14,-,,
M0102,デイバイデイズ,でいばいでいず,"うらたぬき,となりの坂田。",カバー,ペア,2022/09/18,-,,
M0103,Q for U,きゅーふぉーゆー,浦島坂田船,オリジナル,全員,2022/09/11,-,,
M0104,夜咄ディセイブ,よばなしでぃせいぶ,浦島坂田船,カバー,全員,2022/07/23,-,,
M0105,Piece Piece Piece,ぴーすぴーすぴーす,浦島坂田船,オリジナル,全員,2022/07/06,Toni9ht,,
M0106,ヨニゲーム,よにげーむ,浦島坂田船,オリジナル,全員,2022/07/01,Toni9ht,,
M0107,シャララ,しゃらら,浦島坂田船,オリジナル,全員,2022/07/06,Toni9ht,,
M0108,本能全開ソレソレソレ！,ほんのうぜんかいそれそれそれ,浦島坂田船,オリジナル,全員,2022/07/06,Toni9ht,,
M0109,マダ,まだ,うらたぬき,オリジナル,ソロ,2022/07/06,Toni9ht,,
M0110,十六夜ナイトフィーバー,いざよいないとふぃーばー,志麻,オリジナル,ソロ,2022/07/06,Toni9ht,,
M0111,ゆめのものまね,ゆめのものまね,となりの坂田。,オリジナル,ソロ,2022/07/06,Toni9ht,,
M0112,DREAM BABY,どりーむべいびー,センラ,オリジナル,ソロ,2022/07/06,Toni9ht,,
M0113,どっちつかずLOVERS,どっちつかずらばーず,"うらたぬき,となりの坂田。",オリジナル,ペア,2022/07/02,Toni9ht,,
M0114,Ride The Night,らいどざないと,"志麻,センラ",オリジナル,ペア,2022/07/02,Toni9ht,,
M0115,ヒドイヒドラ,ひどいひどら,浦島坂田船,オリジナル,全員,2022/07/06,Toni9ht,,
M0116,溺愛,できあい,浦島坂田船,オリジナル,全員,2022/06/24,Toni9ht,,
M0117,鈍色Wheels,にびいろうぃーる,浦島坂田船,オリジナル,全員,2022/07/06,Toni9ht,,
M0118,流れ星なんていらない,ながれぼしなんていらない,浦島坂田船,オリジナル,全員,2022/07/06,Toni9ht,,
M0119,僕のシンデレラ,ぼくのしんでれら,浦島坂田船,オリジナル,全員,2022/07/06,Toni9ht,,
M0120,アンコール,あんこーる,浦島坂田船,オリジナル,全員,2022/06/10,Toni9ht,,
M0121,エンヴィーベイビー×KING,えんゔぃーべいびー きんぐ,"うらたぬき,となりの坂田。",カバー,ペア,2022/05/11,-,,
M0122,フォニイ,ふぉにい,"うらたぬき,センラ",カバー,ペア,2022/05/03,-,,
M0123,オルターエゴ,おるたーえご,"志麻,センラ",カバー,ペア,2022/02/19,-,,
M0124,燦然賛歌,さんぜんさんか,浦島坂田船,オリジナル,全員,2022/02/18,-,,
M0125,マジカル・ショコラティエ,まじかるしょこらてぃえ,浦島坂田船,オリジナル,全員,2022/02/11,-,,
M0126,貴方と云ふ花,あなたというはな,浦島坂田船,オリジナル,全員,2022/02/04,-,,
M0127,ベビーデーズ,べびーでーず,"となりの坂田。,センラ",カバー,ペア,2022/01/14,-,,
M0128,BYE,ばい,"うらたぬき,となりの坂田。",カバー,ペア,2022/01/07,-,,
M0129,え？あぁ、そう。,えああそう,"うらたぬき,となりの坂田。",カバー,ペア,2021/12/30,-,,
M0130,なにやってもうまくいかない,なにやってもうまくいかない,浦島坂田船,カバー,全員,2021/12/25,-,,
M0131,プレゼント,ぷれぜんと,浦島坂田船,オリジナル,全員,2021/12/17,-,,
M0132,パンダヒーロー,ぱんだひーろー,浦島坂田船,カバー,全員,2021/12/10,-,,
M0133,ニュートンダンス,にゅーとんだんす,"うらたぬき,志麻",カバー,ペア,2021/12/03,-,,
M0134,乱×銃,らんがん,"志麻,となりの坂田。",オリジナル,ペア,2021/11/19,-,,
M0135,二息歩行,にそくほこう,"志麻,となりの坂田。",カバー,ペア,2021/11/13,-,,
M0136,モザイクロール,もざいくろーる,"うらたぬき,センラ",カバー,ペア,2021/11/12,-,,
M0137,ねぇねぇねぇ。,ねぇねぇねぇ,"うらたぬき,となりの坂田。",カバー,ペア,2021/11/06,-,,
M0138,カモフラ,かもふら,浦島坂田船,オリジナル,全員,2021/10/22,HALLOWEEEEN PARTY SPECIAL SELECTION,,
M0139,Happy Halloween,はっぴーはろうぃん,浦島坂田船,カバー,全員,2021/10/15,-,,
M0140,世界で一番好きな名前,せかいでいちばんすきななまえ,浦島坂田船,オリジナル,全員,2021/06/18,L∞VE,,
M0141,Save Me,せーぶみー,浦島坂田船,オリジナル,全員,2021/07/07,L∞VE,,
M0142,SWEET TASTE PRESENT,すいーとていすとぷれぜんと,浦島坂田船,オリジナル,全員,2021/02/12,L∞VE,,
M0143,シンデレラステップ,しんでれらすてっぷ,浦島坂田船,オリジナル,全員,2021/07/07,L∞VE,,
M0144,月夜,つきよ,浦島坂田船,オリジナル,全員,2021/07/07,L∞VE,,
M0145,Colors,からーず,うらたぬき,オリジナル,ソロ,2021/07/07,L∞VE,,
M0146,Tokyo Deadman's Wonderland,とうきょうでっどめんずわんだーらんど,志麻,オリジナル,ソロ,2021/07/07,L∞VE,,
M0147,荒波,あらなみ,となりの坂田。,オリジナル,ソロ,2021/07/07,L∞VE,,
M0148,Sugary,しゅがーりー,センラ,オリジナル,ソロ,2021/07/07,L∞VE,,
M0149,生涯ライバル,しょうがいらいばる,"うらたぬき,となりの坂田。",オリジナル,ペア,2021/07/03,L∞VE,,
M0150,青空ピカソ,あおぞらぴかそ,"志麻,センラ",オリジナル,ペア,2021/06/26,L∞VE,,
M0151,ワナビークインビー,わなびーくいんびー,浦島坂田船,オリジナル,全員,2021/06/11,L∞VE,,
M0152,フランマ,ふらんま,浦島坂田船,オリジナル,全員,2021/05/21,L∞VE,,
M0153,Boohoo,ぶーふー,浦島坂田船,オリジナル,全員,2021/03/18,L∞VE,,
M0154,シザーナイフ,しざーないふ,浦島坂田船,オリジナル,全員,2021/07/07,L∞VE,,
M0155,グッド・バイ,ぐっどばい,浦島坂田船,オリジナル,全員,2021/04/07,L∞VE,,
M0156,Starry Heaven,すたーりーへーぶん,浦島坂田船,オリジナル,全員,2021/07/07,L∞VE,,
M0157,PIRATES A GO GO,ぱいれーつあごーごー,浦島坂田船,オリジナル,全員,2021/07/07,L∞VE,,
M0158,シンデレラガール,しんでれらがーる,浦島坂田船,カバー,全員,2021/06/20,-,,
M0159,ヴァンパイア,ゔぁんぱいあ,浦島坂田船,カバー,全員,2021/05/27,-,,
M0160,Recipe,れしぴ,浦島坂田船,オリジナル,全員,2021/05/05,-,,
M0161,完全燃焼～春祭り～,かんぜんねんしょうはるまつり,浦島坂田船,オリジナル,全員,2021/03/30,-,,
M0162,返り咲,かえりざき,浦島坂田船,オリジナル,全員,2021/02/26,-,,
M0163,飲めや歌えや踊れや騒げ,のめやうたえやおどれやさわげ,浦島坂田船,オリジナル,全員,2021/01/01,-,,
M0164,LOVE&KISS,らぶあんどきす,"うらたぬき,となりの坂田。",カバー,ペア,2020/12/29,-,,
M0165,ナイトメリーハッピネス,ないとめりーはっぴねす,浦島坂田船,オリジナル,全員,2020/12/24,-,,
M0166,Black Knight,ぶらっくないと,"志麻,となりの坂田。",オリジナル,ペア,2020/12/20,-,,
M0167,RAINBOW,れいんぼー,浦島坂田船,オリジナル,全員,2020/09/28,RAINBOW,,
M0168,青く塗り替えろ！,あおくぬりかえろ,浦島坂田船,オリジナル,全員,2020/11/25,RAINBOW,,
M0169,最強Drive!!,さいきょうどらいぶ,浦島坂田船,オリジナル,全員,2020/11/25,RAINBOW,,
M0170,微笑、香り、君と僕を繋ぐ,びしょうかおりきみとぼくをつなぐ,浦島坂田船,オリジナル,全員,2020/11/25,RAINBOW,,
M0171,レッドホットクレイジーナイト,れっどほっとくれいじーないと,浦島坂田船,オリジナル,全員,2020/11/25,RAINBOW,,
M0172,YELLOW FINEST,いえろーふぁいねすと,浦島坂田船,オリジナル,全員,2020/10/03,RAINBOW,,
M0173,GET UP,げっとあっぷ,うらたぬき,オリジナル,ソロ,2020/11/25,RAINBOW,,
M0174,紫雲の翼,しうんのつばさ,志麻,オリジナル,ソロ,2020/11/25,RAINBOW,,
M0175,迷図,めいず,となりの坂田。,オリジナル,ソロ,2020/11/25,RAINBOW,,
M0176,Sweet Magic,すいーとまじっく,センラ,オリジナル,ソロ,2020/11/25,RAINBOW,,
M0177,VS,ゔぁーさす,"うらたぬき,となりの坂田。",オリジナル,ペア,2020/11/15,RAINBOW,,
M0178,ファイティンサマーカーニバル,ふぁいてぃんさまーかーにばる,"志麻,センラ",オリジナル,ペア,2020/09/18,RAINBOW,,
M0179,ホエールホール,ほえーるほーる,浦島坂田船,オリジナル,全員,2020/11/25,RAINBOW,,
M0180,ココマドモアゼル,ここまどもあぜる,浦島坂田船,オリジナル,全員,2020/11/25,RAINBOW,,
M0181,SPOOKY MAGICAL NIGHT,すぷーきーまじかるないと,浦島坂田船,オリジナル,全員,2020/10/31,HALLOWEEEEN PARTY SPECIAL SELECTION,,
M0182,Bad Monster,ばっどもんすたー,浦島坂田船,オリジナル,全員,2020/10/24,HALLOWEEEEN PARTY SPECIAL SELECTION,,
M0183,大喝采,だいかっさい,"うらたぬき,センラ",オリジナル,ペア,2020/07/10,-,,
M0184,おどりゃんせ,おどりゃんせ,"うらたぬき,となりの坂田。",カバー,ペア,2020/06/10,-,,
M0185,Here We Are,ひあうぃーあー,浦島坂田船,カバー,全員,2020/05/30,-,,
M0186,吉原ラメント,よしわららめんと,浦島坂田船,カバー,全員,2020/03/15,-,,
M0187,ニビイロドロウレ,にびいろどろうれ,"うらたぬき,センラ",カバー,ペア,2020/03/07,-,,
M0188,花魁俺嵐コンフュージョン,おいらんおれらんこんふゅーじょん,浦島坂田船,オリジナル,全員,2020/02/22,-,,
M0189,花や、花,はなやはな,浦島坂田船,オリジナル,全員,2020/02/20,-,,
M0190,マンティス▽クライシス,まんてぃすくらいしす,"となりの坂田。,センラ",カバー,ペア,2020/02/15,-,,
M0191,極楽浄土,ごくらくじょうど,"志麻,センラ",カバー,ペア,2020/02/10,-,,
M0192,Burn it down,ばーんいっとだうん,"うらたぬき,志麻",オリジナル,ペア,2020/02/08,-,,
M0193,ベノム,べのむ,浦島坂田船,カバー,全員,2020/01/11,-,,
M0194,Gotcha!!,がっちゃ,浦島坂田船,オリジナル,全員,2019/12/25,Gotcha!!,,
M0195,共鳴コントラスト,きょうめいこんとらすと,浦島坂田船,オリジナル,全員,2019/12/25,Gotcha!!,,
M0196,4 REAL IN ACTION!!!!,ふぉーりあるいんあくしょん,浦島坂田船,オリジナル,全員,2019/12/24,Gotcha!!,,
M0197,ハングリー・ゴースト,はんぐりーごーすと,浦島坂田船,オリジナル,全員,2019/10/19,"Gotcha!!,HALLOWEEEEN PARTY SPECIAL SELECTION",,
M0198,ダークサイドファンタジー,だーくさいどふぁんたじー,"うらたぬき,となりの坂田。",オリジナル,ペア,2019/12/21,-,,
M0199,カレンダーリマインダー,かれんだーりまいんだー,浦島坂田船,オリジナル,全員,2019/12/17,-,,
M0200,It's...Our Life?,いっつあわらいふ,"志麻,となりの坂田。",オリジナル,ペア,2019/12/02,-,,
M0201,夜は眠れるかい？,よるはねむれるかい,"志麻,となりの坂田。",カバー,ペア,2019/11/29,-,,
M0202,THE CROSSING SOUL,ざくろっしんぐそうる,"志麻,となりの坂田。",オリジナル,ペア,2019/11/29,-,,
M0203,乙女解剖,おとめかいぼう,"志麻,となりの坂田。",カバー,ペア,2019/11/21,-,,
M0204,HORRORISM,ほらりずむ,浦島坂田船,オリジナル,全員,2019/10/15,HALLOWEEEEN PARTY SPECIAL SELECTION,,
M0205,明日へのByeBye,あしたへのばいばい,浦島坂田船,オリジナル,全員,2019/08/28,明日へのByeBye,,
M0206,シンプルLOVE,しんぷるらぶ,浦島坂田船,オリジナル,全員,2019/08/29,明日へのByeBye,,
M0207,アワ・ダンサー,あわだんさー,浦島坂田船,オリジナル,全員,2019/08/30,明日へのByeBye,,
M0208,合戦,かっせん,浦島坂田船,オリジナル,全員,2019/03/08,明日へのByeBye,,
M0209,ポーカーフェイク,ぽーかーふぇいく,浦島坂田船,オリジナル,全員,2019/04/30,$HUFFLE,,
M0210,Fortune!!,ふぉーちゅーん,浦島坂田船,オリジナル,全員,2019/06/26,$HUFFLE,,
M0211,Game Changer,げーむちぇんじゃー,浦島坂田船,オリジナル,全員,2019/06/26,$HUFFLE,,
M0212,Beetle Battle,びーとるばとる,浦島坂田船,オリジナル,全員,2019/06/26,$HUFFLE,,
M0213,No.1 Girl,なんばーわんがーる,うらたぬき,オリジナル,ソロ,2019/06/26,$HUFFLE,,
M0214,CRAZY BUNNY！！,くれいじーばにー,志麻,オリジナル,ソロ,2019/06/26,$HUFFLE,,
M0215,未完成ユートピア,みかんせいゆーとぴあ,となりの坂田。,オリジナル,ソロ,2019/06/26,$HUFFLE,,
M0216,Freja,ふれいや,センラ,オリジナル,ソロ,2019/06/26,$HUFFLE,,
M0217,Trip-Trap，Love Trap!!,とりっぷとらっぷらぶとらっぷ,"うらたぬき,となりの坂田。",オリジナル,ペア,2019/05/25,$HUFFLE,,
M0218,決戦前夜,けっせんぜんや,"志麻,センラ",オリジナル,ペア,2019/06/26,$HUFFLE,,
M0219,東京サマーセッション,とうきょうさまーせっしょん,浦島坂田船,カバー,全員,2019/06/26,$HUFFLE,,
M0220,ROULETTE,るーれっと,浦島坂田船,オリジナル,全員,2019/06/26,$HUFFLE,,
M0221,ARK,あーく,浦島坂田船,オリジナル,全員,2019/06/26,$HUFFLE,,
M0222,誠-Live for Justice-,まことらいぶふぉーじゃすてぃす,浦島坂田船,オリジナル,全員,2019/03/02,$HUFFLE,,
M0223,花吹雪,はなふぶき,浦島坂田船,オリジナル,全員,2019/06/26,$HUFFLE,,
M0224,SAILING!!!!!,せいりんぐ,浦島坂田船,オリジナル,全員,2018/08/01,-,,
M0225,グリムメイカー,ぐりむめいかー,浦島坂田船,オリジナル,全員,2018/10/24,HALLOWEEEEN PARTY SPECIAL SELECTION,,
M0226,Starry Cruise,すたーりーくるーず,浦島坂田船,オリジナル,全員,2018/07/04,V-enus,,
M0227,年に一夜の恋模様,ねんにひとよのこいもよう,浦島坂田船,オリジナル,全員,2018/03/20,V-enus,,
M0228,Peacock Epoch,ぴーこっくえぽっく,浦島坂田船,オリジナル,全員,2018/06/12,V-enus,,
M0229,ブリキノダンス,ぶりきのだんす,浦島坂田船,カバー,全員,2018/07/04,V-enus,,
M0230,Life goes on,らいふごーずおん,うらたぬき,オリジナル,ソロ,2018/07/04,V-enus,,
M0231,spill,すぴる,志麻,オリジナル,ソロ,2018/07/04,V-enus,,
M0232,スクールボーイ,すくーるぼーい,となりの坂田。,オリジナル,ソロ,2018/07/04,V-enus,,
M0233,Make a pass,めいくあぱす,センラ,オリジナル,ソロ,2018/07/04,V-enus,,
M0234,ユメミドリ,ゆめみどり,"うらたぬき,となりの坂田。",オリジナル,ペア,2018/07/04,V-enus,,
M0235,ギャラクシー,ぎゃらくしー,"志麻,センラ",オリジナル,ペア,2018/07/04,V-enus,,
M0236,ロメオ,ろめお,浦島坂田船,カバー,全員,2018/07/04,V-enus,,
M0237,わいふぁい暴想ボーイ,わいふぁいぼうそうぼーい,浦島坂田船,オリジナル,全員,2018/07/04,V-enus,,
M0238,secret base～君がくれたもの～,しーくれっとべーすきみがくれたもの,浦島坂田船,カバー,全員,2018/07/04,V-enus,,
M0239,そらに、ひらり,そらにひらり,浦島坂田船,オリジナル,全員,2018/02/24,V-enus,,
M0240,明星ギャラクティカ,めいせいぎゃらくてぃか,浦島坂田船,カバー,全員,2018/03/12,-,,
M0241,ハロウ！ゴーストシップ,はろうごーすとしっぷ,浦島坂田船,オリジナル,全員,2017/10/23,HALLOWEEEEN PARTY SPECIAL SELECTION,,
M0242,Carry Forward,きゃりーふぉわーど,浦島坂田船,オリジナル,全員,2017/07/05,Four the C,,
M0243,太陽系デスコ,たいようけいですこ,浦島坂田船,カバー,全員,2017/02/01,-,,
M0244,Snow melody,すのーめろでぃー,浦島坂田船,オリジナル,全員,2016/12/25,-,,
M0245,夏祭り,なつまつり,浦島坂田船,カバー,全員,2016/10/07,-,,
M0246,恋色花火,こいいろはなび,浦島坂田船,オリジナル,全員,2016/07/02,Memory Log,,
M0247,チャンカパーナ,ちゃんかぱーな,浦島坂田船,カバー,全員,2016/06/02,-,,
M0248,Shoutër,しゃうたー,浦島坂田船,オリジナル,全員,2016/02/12,CRUISE TICKET,,
M0249,Dreamer,どりーまー,浦島坂田船,オリジナル,全員,2015/12/28,"はじまりの合図,CRUISE TICKET",,
M0250,Sailor's High,せいらーずはい,浦島坂田船,オリジナル,全員,2017/07/05,Four the C,,
M0251,神のまにまに,かみのまにまいｎ,浦島坂田船,カバー,全員,2017/07/05,Four the C,,
M0252,金曜日のおはよう,きんようびのおはよう,浦島坂田船,カバー,全員,2017/07/05,Four the C,,
M0253,ゴーストルール,ごーすとるーる,浦島坂田船,カバー,全員,2017/07/05,Four the C,,
M0254,Reach,りーち,うらたぬき,オリジナル,ソロ,2017/07/05,Four the C,,
M0255,recoup,りくーぷ,志麻,オリジナル,ソロ,2017/07/05,Four the C,,
M0256,NO DRIVE，NO LIFE,のーどらいぶのーらいふ,となりの坂田。,オリジナル,ソロ,2017/07/05,Four the C,,
M0257,slumber number,すらんばーなんばー,センラ,オリジナル,ソロ,2017/07/05,Four the C,,
M0258,プリンセスに口づけを,ぷりんせすにくちづけを,"うらたぬき,となりの坂田。",オリジナル,ペア,2017/07/05,Four the C,,
M0259,＃嘲笑ポラロイド,あざわらいぽらろいど,"志麻,センラ",オリジナル,ペア,2017/07/05,Four the C,,
M0260,SHOW MUST GO ON！！,しょうますとごーおん,浦島坂田船,オリジナル,全員,2017/07/05,"SHOW MUST GO ON！！,Four the C",,
M0261,サマータイムレコード,さまーたいむれこーど,浦島坂田船,カバー,全員,2017/07/05,Four the C,,
M0262,駆け上がるボルテージ,かけあがるぼるてーじ,浦島坂田船,オリジナル,全員,2021/08/31,-,,
M0263,Ring,りんぐ,浦島坂田船,オリジナル,全員,2021/08/31,-,,
M0264,realizer,りあらいざー,浦島坂田船,オリジナル,全員,2021/08/31,-,,
M0265,花鳥風月,かちょうふうげつ,浦島坂田船,オリジナル,全員,2017/04/26,SHOW MUST GO ON！！,,
M0266,百花繚乱,ひゃっかりょうらん,浦島坂田船,オリジナル,全員,2017/04/26,SHOW MUST GO ON！！,,
M0267,海賊船～心の奪い手～,かいぞくせんこころのうばいて,浦島坂田船,オリジナル,全員,2016/08/21,Memory Log,,
M0268,天樂,てんがく,浦島坂田船,カバー,全員,2016/08/21,Memory Log,,
M0269,厨病激発ボーイ,ちゅうびょうげきはつぼーい,浦島坂田船,カバー,全員,2016/08/21,Memory Log,,
M0270,君に恋した世界で僕は,きみにこいしたせかいでぼくは,志麻,オリジナル,ソロ,2016/08/21,Memory Log,,
M0271,手のひら,てのひら,センラ,オリジナル,ソロ,2016/08/21,Memory Log,,
M0272,君と僕との1ページ,きみとぼくとのいちぺーじ,となりの坂田。,オリジナル,ソロ,2016/08/21,Memory Log,,
M0273,さようなら,さようなら,うらたぬき,オリジナル,ソロ,2016/08/21,Memory Log,,
M0274,君まであと何メーター,きみまでとなんめーたー,浦島坂田船,オリジナル,全員,2016/08/21,Memory Log,,
M0275,I'm home again,あいむほーむあげいん,浦島坂田船,オリジナル,全員,2016/08/21,Memory Log,,
M0276,Connecting,こねくてぃんぐ,浦島坂田船,カバー,全員,2016/08/21,Memory Log,,
M0277,Mr.music,みすたーみゅーじっく,浦島坂田船,カバー,全員,2016/08/21,Memory Log,,
M0278,フレンドシップ,ふれんどしっぷ,浦島坂田船,オリジナル,全員,2016/08/21,Memory Log,,
M0279,最強ライバル,さいきょうらいばる,浦島坂田船,カバー,全員,2015/12/31,はじまりの合図,,
M0280,きみへ,きみへ,うらたぬき,カバー,ソロ,2015/12/31,はじまりの合図,,
M0281,アサガオの散る頃に,あさがおのちるころに,志麻,カバー,ソロ,2015/12/31,はじまりの合図,,
M0282,キミノヨゾラ哨戒班,きみのよぞらしょうかいはん,浦島坂田船,カバー,全員,2015/12/31,はじまりの合図,,
M0283,ハートの後味,はーとのあとあじ,となりの坂田。,カバー,ソロ,2015/12/31,はじまりの合図,,
M0284,Masked bitcH,ますくどびっち,センラ,カバー,ソロ,2015/12/31,はじまりの合図,,
M0285,Blessing,ぶれっしんぐ,浦島坂田船,カバー,全員,2015/12/31,はじまりの合図,,
M0286,千本桜,せんぼんざくら,浦島坂田船,カバー,全員,2014/04/26,はじまりの合図,,
M0287,Pathfinders,ぱすふぁいんだーず,浦島坂田船,オリジナル,全員,2016/03/23,CRUISE TICKET,,
M0288,アイドルっぽい曲を作った。,あいどるっぽいきょくをつくった,浦島坂田船,オリジナル,全員,2016/03/23,CRUISE TICKET,,
M0289,虎視眈々,こしたんたん,浦島坂田船,カバー,全員,2016/03/23,CRUISE TICKET,,
M0290,バレリーコ,ばれりーこ,"うらたぬき,となりの坂田。",カバー,ペア,2016/03/23,CRUISE TICKET,,
M0291,おこちゃま戦争,おこちゃませんそう,"志麻,センラ",カバー,ペア,2016/03/23,CRUISE TICKET,,
M0292,シアワセは台本の外から,しあわせはだいほんのそとから,うらたぬき,オリジナル,ソロ,2016/03/23,CRUISE TICKET,,
M0293,notebook love,のーとぶっくらぶ,志麻,オリジナル,ソロ,2016/03/23,CRUISE TICKET,,
M0294,スーパーヒーロー,すーぱーひーろー,となりの坂田。,オリジナル,ソロ,2016/03/23,CRUISE TICKET,,
M0295,色恋,いろこい,センラ,オリジナル,ソロ,2016/03/23,CRUISE TICKET,,
M0296,Mermaid,まーめいど,浦島坂田船,オリジナル,全員,2016/03/23,CRUISE TICKET,,
M0297,出会いがない！,であいがない,浦島坂田船,オリジナル,全員,2016/03/23,CRUISE TICKET,,
M0298,Fire◎Flower,ふぁいやーふらわー,浦島坂田船,カバー,全員,2016/03/23,CRUISE TICKET,,
M0299,今日から俺たちゴーストバスターズ,きょうからおれたちごーすとばすたーず,浦島坂田船,オリジナル,全員,2024/02/28,HALLOWEEEEN PARTY SPECIAL SELECTION,,
M0300,Quiet Blue,くわいとぶるー,浦島坂田船,オリジナル,全員,2025/12/20,-,,
M0301,ばく,ばく,浦島坂田船,オリジナル,全員,2024/10/08,-,,
M0302,Ready,れでぃー,浦島坂田船,オリジナル,全員,2020/10/08,-,,
M0303,走れ,はしれ,うらたぬき,カバー,ソロ,2014/08/17,ハコヅメクローバー,,
M0304,イドラのサーカス,いどらのさーかす,うらたぬき,カバー,ソロ,2014/08/17,ハコヅメクローバー,,
M0305,ノイジーラバーソウル,のいじーらばーそうる,うらたぬき,カバー,ソロ,2014/08/17,ハコヅメクローバー,,
M0306,アイラビューアイニジュー,あいらびゅーあいにじゅー,うらたぬき,カバー,ソロ,2014/08/17,ハコヅメクローバー,,
M0307,セツナトリップ,せつなとりっぷ,うらたぬき,カバー,ソロ,2014/08/17,ハコヅメクローバー,,
M0308,夢花火,ゆめはなび,うらたぬき,カバー,ソロ,2014/08/09,ハコヅメクローバー,,
M0309,そばにいて,そばにいて,うらたぬき,カバー,ソロ,2014/08/17,ハコヅメクローバー,,
M0310,世界寿命と最後の一日,せかいじゅみょうとさいごのいちにち,うらたぬき,カバー,ソロ,2013/09/22,ハコヅメクローバー,,
M0311,ロストワンの号哭,ろすとわんのごうこく,うらたぬき,カバー,ソロ,2013/03/16,ハコヅメクローバー,,
M0312,放課後ストライド,ほうかごすとらいど,うらたぬき,カバー,ソロ,2014/08/17,ハコヅメクローバー,,
M0313,脳漿炸裂ガール,のうしょうさくれつがーる,"うらたぬき,となりの坂田。",カバー,ペア,2014/08/17,ハコヅメクローバー,,
M0314,過食性:アイドル症候群,かしょくせいあいどるしょうこうぐん,"うらたぬき,となりの坂田。",カバー,ペア,2014/08/17,ハコヅメクローバー,,
M0315,泣き虫ファンタジー,なきむしふぁんたじー,うらたぬき,オリジナル,ソロ,2014/08/17,ハコヅメクローバー,,
M0316,ハロライン,はろらいん,うらたぬき,カバー,ソロ,2013/06/25,ハコヅメクローバー,,
M0317,迷子の僕に,まいごのぼくに,うらたぬき,カバー,ソロ,2014/08/17,ハコヅメクローバー,,
M0318,ぽこぽこたぬきに全部お任せ！,ぽこぽこたぬきにぜんぶおまかせ！,うらたぬき,オリジナル,ソロ,2016/04/30,Remember,,
M0319,このふざけた素晴らしき世界は、ぼくのためにある,このふざけたすばらしきせかいはぼくのためにある,うらたぬき,カバー,ソロ,2015/01/30,Remember,,
M0320,咲かせよ乙女、喰らえよ男児,さかせよおとめくらえよだんじ,うらたぬき,カバー,ソロ,2016/04/30,Remember,,
M0321,君色に染まる,きみいろにそまる,うらたぬき,カバー,ソロ,2016/04/30,Remember,,
M0322,恋の才能,こいのさいのう,うらたぬき,カバー,ソロ,2016/04/30,Remember,,
M0323,Dreamer,ドリーマー,うらたぬき,カバー,ソロ,2016/04/30,Remember,,
M0324,ヤキモチの答え,やきもちのこたえ,うらたぬき,カバー,ソロ,2016/04/30,Remember,,
M0325,告白予行練習,こくはくよこうれんしゅう,うらたぬき,カバー,ソロ,2013/03/14,Remember,,
M0326,嘘つき魔女と灰色の虹,うそつきまじょとはいいろのにじ,うらたぬき,カバー,ソロ,2016/04/30,Remember,,
M0327,ツキサセ,つきさせ,うらたぬき,カバー,ソロ,2016/04/30,Remember,,
M0328,恋愛勇者,れんあいゆうしゃ,うらたぬき,カバー,ソロ,2016/04/30,Remember,,
M0329,member 浦島坂田船ver.,めんばーうらしまさかたせんばーじょん,浦島坂田船,カバー,全員,2016/04/30,Remember,,
M0330,member,めんばー,うらたぬき,オリジナル,ソロ,2016/04/30,Remember,,
M0331,セクトの誅罰,せくとのちゅうばつ,うらたぬき,オリジナル,ソロ,2018/08/01,GreedyWorld,,
M0332,My Shadow,まいしゃどう,うらたぬき,オリジナル,ソロ,2018/08/01,GreedyWorld,,
M0333,オキシトシンの奴隷たち,おきしとしんのどれいたち,うらたぬき,オリジナル,ソロ,2018/08/01,GreedyWorld,,
M0334,愛してるが言えない,あいしてるがいえない,うらたぬき,オリジナル,ソロ,2018/08/01,GreedyWorld,,
M0335,こっちを向いて,こっちをむいて,うらたぬき,オリジナル,ソロ,2018/08/01,GreedyWorld,,
M0336,お友達ではいられない,おともだちではいられない,うらたぬき,オリジナル,ソロ,2018/08/01,GreedyWorld,,
M0337,Pink,ぴんく,うらたぬき,オリジナル,ソロ,2018/08/01,GreedyWorld,,
M0338,ハイヒール・プリンセス,はいひーるぷりんせす,うらたぬき,オリジナル,ソロ,2018/07/30,GreedyWorld,,
M0339,ディアミライ,でぃあみらい,うらたぬき,オリジナル,ソロ,2018/08/01,GreedyWorld,,
M0340,グッデストルーラー,ぐっですとるーらー,うらたぬき,オリジナル,ソロ,2019/08/01,Unlimited,,
M0341,DANGEROUS PRINCESS,でんじゃらすぷりんせす,うらたぬき,オリジナル,ソロ,2019/08/01,Unlimited,,
M0342,パラノイド虚構劇,ぱらのいどきょこうげき,うらたぬき,オリジナル,ソロ,2019/08/01,Unlimited,,
M0343,誘惑,ゆうわく,うらたぬき,オリジナル,ソロ,2019/08/01,Unlimited,,
M0344,イイナリレーション,いいなりれーしょん,うらたぬき,オリジナル,ソロ,2019/08/01,Unlimited,,
M0345,Come on tonight,かもんとぅないと,うらたぬき,オリジナル,ソロ,2019/08/01,Unlimited,,
M0346,ぶーぶー!,ぶーぶー,うらたぬき,オリジナル,ソロ,2019/08/01,Unlimited,,
M0347,Power of LOVE,ぱわーおぶらぶ,うらたぬき,オリジナル,ソロ,2019/08/01,Unlimited,,
M0348,Here We Are,ひあうぃーあー,うらたぬき,オリジナル,ソロ,2019/08/01,Unlimited,,
M0349,ライブラリ・ライブラ,らいぶらりらいぶら,うらたぬき,オリジナル,ソロ,2021/08/02,date.,,
M0350,バウワウ,ばうわう,うらたぬき,オリジナル,ソロ,2021/08/13,date.,,
M0351,"You need ""ESCALATING""",ゆーにーどえすかれーてぃんぐ,うらたぬき,オリジナル,ソロ,2021/08/13,date.,,
M0352,愚かなオルカ,おろかなおるか,うらたぬき,オリジナル,ソロ,2021/08/13,date.,,
M0353,スカーレ,すかーれ,うらたぬき,オリジナル,ソロ,2021/08/13,date.,,
M0354,SHIORI,しおり,うらたぬき,オリジナル,ソロ,2021/08/13,date.,,
M0355,魅惑のデートプラン,みわくのでーとぷらん,うらたぬき,オリジナル,ソロ,2021/08/13,date.,,
M0356,MAKE WITH LOVE,めいくうぃずらぶ,うらたぬき,オリジナル,ソロ,2021/08/13,date.,,
M0357,ラブソング,らぶそんぐ,うらたぬき,オリジナル,ソロ,2021/08/13,date.,,
M0358,どっきゅーん,どっきゅーん,うらたぬき,オリジナル,ソロ,2022/08/01,Love!Love!,,
M0359,スーパーダーリン,すーぱーだーりん,うらたぬき,オリジナル,ソロ,2022/08/01,Love!Love!,,
M0360,うらたねこ♀,うらたねこ,うらたぬき,オリジナル,ソロ,2022/04/28,Love!Love!,,
M0361,マウントリタガール,まうんとりたがーる,うらたぬき,オリジナル,ソロ,2022/07/08,Love!Love!,,
M0362,ルドイア,るどいあ,うらたぬき,オリジナル,ソロ,2022/08/01,Love!Love!,,
M0363,キスマーク,きすまーく,うらたぬき,オリジナル,ソロ,2022/06/16,Love!Love!,,
M0364,雄々しきオオカミ,おおしきおおかみ,うらたぬき,オリジナル,ソロ,2022/08/01,Love!Love!,,
M0365,怪獣,かいじゅう,うらたぬき,オリジナル,ソロ,2022/08/01,Love!Love!,,
M0366,Again，again,あげいんあげいん,うらたぬき,オリジナル,ソロ,2022/08/01,Love!Love!,,
M0367,ラブレター（仮）,らぶれたーかり,うらたぬき,オリジナル,ソロ,2022/08/01,Love!Love!,,
M0368,ラブソング piano arrangement ver.,らぶそんぐ,うらたぬき,オリジナル,ソロ,2022/08/01,Love!Love!,,
M0369,CLAP!YOUR HANDS!,くらっぷゆあはんず,うらたぬき,オリジナル,ソロ,2022/08/01,Love!Love!,,
M0370,365日,さんびゃくろくじゅうごにち,うらたぬき,オリジナル,ソロ,2023/08/01,Flower,,
M0371,マリーゴールドを君に捧げる,まりーごーるどをきみにささげる,うらたぬき,オリジナル,ソロ,2023/08/01,Flower,,
M0372,Jasmine,じゃすみん,うらたぬき,オリジナル,ソロ,2023/07/28,Flower,,
M0373,偽味偽味LOVE,ぎみぎみらぶ,うらたぬき,オリジナル,ソロ,2023/08/01,Flower,,
M0374,全愛不問コスモスナニカ,ぜんあいふもんこすもすなにか,うらたぬき,オリジナル,ソロ,2023/07/16,Flower,,
M0375,ドキドキ!席替えゲーム,どきどきせきがえげーむ,うらたぬき,オリジナル,ソロ,2023/08/01,Flower,,
M0376,スイカズラ,すいかずら,うらたぬき,オリジナル,ソロ,2023/08/01,Flower,,
M0377,My HERO,まいひーろー,うらたぬき,オリジナル,ソロ,2024/08/01,VOICE,,
M0378,ほろびのうた,ほろびのうた,うらたぬき,オリジナル,ソロ,2024/08/01,VOICE,,
M0379,恋はSurvival 愛はMagicalに,こいはさばいばるあいはまじかるに,うらたぬき,オリジナル,ソロ,2024/06/26,VOICE,,
M0380,URA MOVIE STAR,うらむーびーすたー,うらたぬき,オリジナル,ソロ,2024/08/01,VOICE,,
M0381,お手、おかわり。,おておかわり,うらたぬき,オリジナル,ソロ,2024/08/01,VOICE,,
M0382,十五夜オツキサマ,じゅうごやおつきさま,うらたぬき,オリジナル,ソロ,2024/08/01,VOICE,,
M0383,Re: member,りめんばー,うらたぬき,オリジナル,ソロ,2024/08/01,VOICE,,
M0384,First Penguin,ふぁーすとぺんぎん,うらたぬき,オリジナル,ソロ,2025/08/01,Alpha,,
M0385,サディー,さでぃー,うらたぬき,オリジナル,ソロ,2025/08/01,Alpha,,
M0386,夢中Chu☆パンダ,むちゅうちゅうぱんだ,うらたぬき,オリジナル,ソロ,2025/07/16,Alpha,,
M0387,眠れる羊,ねむれるひつじ,うらたぬき,オリジナル,ソロ,2025/08/01,Alpha,,
M0388,Dolphin,どるふぃん,うらたぬき,オリジナル,ソロ,2025/08/01,Alpha,,
M0389,ライアーダンス,らいあーだんす,志麻,カバー,ソロ,2018/04/28,First Order,,
M0390,チュルリラ・チュルリラ・ダッダッダ！,ちゅるりらちゅるりらだっだっだ,志麻,カバー,ソロ,2018/04/28,First Order,,
M0391,コノ手二,このてに,志麻,オリジナル,ソロ,2018/04/28,First Order,,
M0392,ドナーソング,どなーそんぐ,志麻,カバー,ソロ,2018/04/28,First Order,,
M0393,星の唄,ほしのうた,志麻,カバー,ソロ,2018/04/28,First Order,,
M0394,レディーレ,れでぃーれ,志麻,カバー,ソロ,2018/04/28,First Order,,
M0395,千日紅,せんにちこう,志麻,オリジナル,ソロ,2018/04/28,First Order,,
M0396,東京テディベア,とうきょうてでぃべあ,志麻,カバー,ソロ,2011/11/05,First Order,,
M0397,独りんぼエンヴィー,ひとりんぼえんゔぃー,志麻,カバー,ソロ,2018/04/28,First Order,,
M0398,脱法ロック,だっぽうろっく,志麻,カバー,ソロ,2018/04/28,First Order,,
M0399,Mermaid,マーメイド,志麻,カバー,ソロ,2018/04/28,First Order,,
M0400,愛してもいいかい？,あいしてもいいかい,志麻,オリジナル,ソロ,2018/04/28,First Order,,
M0401,二バンボシ,にばんぼし,志麻,オリジナル,ソロ,2018/04/28,First Order,,
M0402,×××Hacker?,はっかー,志麻,オリジナル,ソロ,2020/04/21,noise,,
M0403,ダスティピンク,だすてぃぴんく,志麻,オリジナル,ソロ,2020/04/21,noise,,
M0404,ネッ閉じ即抱きREAL LOVE,ねっとじそくだきりあるらぶ,志麻,オリジナル,ソロ,2020/04/21,noise,,
M0405,スターサイン,すたーさいん,志麻,オリジナル,ソロ,2020/04/21,noise,,
M0406,believe,びりーゔ,志麻,オリジナル,ソロ,2020/04/21,noise,,
M0407,FEATURE COLORS,ふぃーちゃーからーず,志麻,オリジナル,ソロ,2020/04/21,noise,,
M0408,快刀乱麻‼︎,かいとうらんま,志麻,オリジナル,ソロ,2020/04/21,noise,,
M0409,ターゲットはキミだった,たーげっとはきみだった,志麻,オリジナル,ソロ,2020/04/20,noise,,
M0410,エレクトリック・シープ,えれくとりっくしーぷ,志麻,オリジナル,ソロ,2020/04/21,noise,,
M0411,恋々遊々,れんれんゆうゆう,志麻,オリジナル,ソロ,2022/05/11,ミチシルベ,,
M0412,セニシエンタ,せにしえんた,志麻,オリジナル,ソロ,2022/05/11,ミチシルベ,,
M0413,NEVER LET YOU DOWN,ねばーれっとゆーだうん,志麻,オリジナル,ソロ,2022/05/11,ミチシルベ,,
M0414,アロハ！サマーバケーション,あろはさまーばけーしょん,志麻,オリジナル,ソロ,2022/05/11,ミチシルベ,,
M0415,Magiない♡カリグラフィック,まじないかりぐらふぃっく,志麻,オリジナル,ソロ,2022/05/11,ミチシルベ,,
M0416,FIREFIRE,ふぁいあふぁいあ,志麻,オリジナル,ソロ,2022/05/09,ミチシルベ,,
M0417,ジャマイカ・ショー,じゃまいかしょー,志麻,オリジナル,ソロ,2022/05/11,ミチシルベ,,
M0418,こころあわせ,こころあわせ,志麻,オリジナル,ソロ,2022/05/11,ミチシルベ,,
M0419,Violet Thunder,ゔぁいおれっとさんだー,志麻,オリジナル,ソロ,2023/04/28,Violet,,
M0420,ウィキアリティ,うぃきありてぃ,志麻,オリジナル,ソロ,2023/04/21,Violet,,
M0421,永遠のシナリオ,えいえんのしなりお,志麻,オリジナル,ソロ,2023/04/28,Violet,,
M0422,イエスタデイはトゥモローを歌わない,いえすたでいはとぅもろーをうたわない,志麻,オリジナル,ソロ,2023/04/27,Violet,,
M0423,ZEAL,じーる,志麻,オリジナル,ソロ,2023/04/28,Violet,,
M0424,悪女,あくじょ,志麻,オリジナル,ソロ,2024/04/28,star!,,
M0425,Lights in Blizzard,らいついんぶりざーど,志麻,オリジナル,ソロ,2024/04/28,star!,,
M0426,さよならグッバイ,さよならぐっばい,志麻,オリジナル,ソロ,2024/04/28,star!,,
M0427,NO.17,なんばーせぶんてぃーん,志麻,オリジナル,ソロ,2024/04/28,star!,,
M0428,0光年先の星,ぜろこうねんさきのほし,志麻,オリジナル,ソロ,2024/04/21,star!,,
M0429,ウィーアー！,うぃーあー,志麻,カバー,ソロ,2025/04/25,アオウタ,,
M0430,あの紙ヒコーキくもり空割って,あのかみひこーきくもりぞらわって,志麻,カバー,ソロ,2025/04/25,アオウタ,,
M0431,３月９日,さんがつここのか,志麻,カバー,ソロ,2025/04/25,アオウタ,,
M0432,糸,いと,志麻,カバー,ソロ,2025/04/25,アオウタ,,
M0433,青いベンチ,あおいべんち,志麻,カバー,ソロ,2025/04/25,アオウタ,,
M0434,学園天国,がくえんてんごく,志麻,カバー,ソロ,2025/04/25,アオウタ,,
M0435,Butter-Fly,ばたふらい,志麻,カバー,ソロ,2024/10/02,アオウタ,,
M0436,白い恋人達,しろいこいびとたち,志麻,カバー,ソロ,2025/04/25,アオウタ,,
M0437,DA DA DICE,だだだいす,志麻,オリジナル,ソロ,2025/04/24,アオウタ,,
M0438,志季咲きの花,しきざきのはな,志麻,オリジナル,ソロ,2025/04/25,アオウタ,,
M0439,Alice of Nothing,ありすおぶのっしんぐ,志麻,オリジナル,ソロ,2026/04/29,Alice,,
M0440,Run Rabbit Run,らんらびっとらん,志麻,オリジナル,ソロ,2026/05/01,Alice,,
M0441,The Last Croque,ざらすとくろっく,志麻,オリジナル,ソロ,2026/05/01,Alice,,
M0442,MAZE,めいず,志麻,オリジナル,ソロ,2026/05/01,Alice,,
M0443,お茶会はワンダーランドdeドリーム,おちゃかいはわんだーらんどでどりーむ,志麻,オリジナル,ソロ,2026/05/01,Alice,,
M0444,Not a dream,のっとあどりーむ,志麻,オリジナル,ソロ,2026/05/01,Alice,,
M0445,truth,とぅるーす,浦島坂田船,カバー,全員,2026/05/10,-,,
M0446,好き！雪！本気マジック,すきゆきまじまじっく,浦島坂田船,カバー,全員,-,-,,
M0447,ホシアイ,ほしあい,となりの坂田。,カバー,ソロ,2014/11/28,キミと歩んだ坂道,,
M0448,林檎売りの泡沫少女,りんごうりのうたかたしょうじょ,となりの坂田。,カバー,ソロ,2014/12/31,キミと歩んだ坂道,,
M0449,ピエロ,ぴえろ,となりの坂田。,カバー,ソロ,2014/12/05,キミと歩んだ坂道,,
M0450,誰でもいいから付き合いたい,だれでもいいからつきあいたい,"となりの坂田。,いのっち",カバー,ペア,2014/12/31,キミと歩んだ坂道,,
M0451,イドラのサーカス,いどらのさーかす,"となりの坂田。,A24",カバー,ペア,2014/12/31,キミと歩んだ坂道,,
M0452,威風堂々,いふうどうどう,となりの坂田。,カバー,ソロ,2014/12/31,キミと歩んだ坂道,,
M0453,アイロニ,あいろに,となりの坂田。,カバー,ソロ,2014/12/31,キミと歩んだ坂道,,
M0454,アカツキアライヴァル,あかつきあらいゔぁる,"うらたぬき,となりの坂田。",カバー,ペア,2014/12/31,キミと歩んだ坂道,,
M0455,独りんぼエンヴィー,ひとりんぼえんゔぃ,"志麻,となりの坂田。",カバー,ペア,2014/12/31,キミと歩んだ坂道,,
M0456,ウミユリ海底譚,うみゆりかいていたん,"となりの坂田。,センラ",カバー,ペア,2014/12/31,キミと歩んだ坂道,,
M0457,ロクベル,ろくべる,となりの坂田。,カバー,ソロ,2014/12/31,キミと歩んだ坂道,,
M0458,星が消えた夏…,ほしがきえたなつ,となりの坂田。,カバー,ソロ,2014/12/31,キミと歩んだ坂道,,
M0459,病名恋ワズライ,びょうめいこいわずらい,となりの坂田。,カバー,ソロ,2014/12/31,キミと歩んだ坂道,,
M0460,サリシノハラ,さりしのはら,となりの坂田。,カバー,ソロ,2012/11/18,キミと歩んだ坂道,,
M0461,告白予行練習,こくはくよこうれんしゅう,となりの坂田。,カバー,ソロ,2013/04/18,キミと歩んだ坂道,,
M0462,ショパンと氷の白鍵,しょぱんとこおりのはっけん,となりの坂田。,オリジナル,ソロ,2014/12/31,キミと歩んだ坂道,,
M0463,サニーデイ,さにーでい,となりの坂田。,オリジナル,ソロ,2019/04/28,キミに伝えたいコト,,
M0464,君は奇跡を知っている,きみはきせきをしっている,となりの坂田。,オリジナル,ソロ,2019/04/28,キミに伝えたいコト,,
M0465,純粋リバース,じゅんすいりばーす,となりの坂田。,オリジナル,ソロ,2019/04/28,キミに伝えたいコト,,
M0466,ぼくだけのうた,ぼくだけのうた,となりの坂田。,オリジナル,ソロ,2019/04/28,キミに伝えたいコト,,
M0467,坂道ロック,さかみちろっく,となりの坂田。,オリジナル,ソロ,2019/04/28,キミに伝えたいコト,,
M0468,Brake Doubt!,ぶれいくだうと,となりの坂田。,オリジナル,ソロ,2019/04/28,キミに伝えたいコト,,
M0469,花ルミ,はなるみ,となりの坂田。,オリジナル,ソロ,2019/04/28,キミに伝えたいコト,,
M0470,27ページ、書きかけの小説,にじゅうななペーじかきかけのしょうせつ,となりの坂田。,オリジナル,ソロ,2019/04/28,キミに伝えたいコト,,
M0471,Rainbow Parade,れいんぼーぱれーど,となりの坂田。,オリジナル,ソロ,2020/10/02,Red Parade,,
M0472,MASK,ますく,となりの坂田。,オリジナル,ソロ,2020/10/06,Red Parade,,
M0473,CROSS DEAD,くろすでっど,となりの坂田。,オリジナル,ソロ,2020/11/22,Red Parade,,
M0474,ボクは道化かもしれない,ぼくはどうけかもしれない,となりの坂田。,オリジナル,ソロ,2020/11/22,Red Parade,,
M0475,Le Petit Prince,るぷてぃぷらんす,となりの坂田。,オリジナル,ソロ,2020/11/22,Red Parade,,
M0476,月光ピクニック,げっこうぴくにっく,となりの坂田。,オリジナル,ソロ,2020/11/22,Red Parade,,
M0477,グロテスク・ラビリンス,ぐろてすく・らびりんす,となりの坂田。,オリジナル,ソロ,2020/11/22,Red Parade,,
M0478,君だけのピエロ,きみだけのぴえろ,となりの坂田。,オリジナル,ソロ,2020/11/22,Red Parade,,
M0479,I'm Your Tamer,あいむゆあていまー,となりの坂田。,オリジナル,ソロ,2020/09/13,Red Parade,,
M0480,ALIVE,あらいぶ,となりの坂田。,オリジナル,ソロ,2020/11/22,Red Parade,,
M0481,チェック・ナイト,ちぇっく・ないと,となりの坂田。,オリジナル,ソロ,2022/02/22,Steal your heart,,
M0482,ハッキング,はっきんぐ,となりの坂田。,オリジナル,ソロ,2022/06/15,Steal your heart,,
M0483,RED HOPE,れっどほーぷ,となりの坂田。,オリジナル,ソロ,2022/06/15,Steal your heart,,
M0484,鼓動,こどう,となりの坂田。,オリジナル,ソロ,2022/06/15,Steal your heart,,
M0485,Mary,めりー,となりの坂田。,オリジナル,ソロ,2022/06/15,Steal your heart,,
M0486,Remelt,リメルト,となりの坂田。,オリジナル,ソロ,2021/05/03,Steal your heart,,
M0487,Redo Parade,りどぅぱれーど,となりの坂田。,オリジナル,ソロ,2022/06/15,Steal your heart,,
M0488,えらくてすごい,えらくてすごい,となりの坂田。,オリジナル,ソロ,2022/06/15,Steal your heart,,
M0489,未来のあなたへ,みらいのあなたへ,となりの坂田。,オリジナル,ソロ,2022/06/15,Steal your heart,,
M0490,盗人タケダケしいなオーイ！,ぬすっとたけだけしいなおーい,となりの坂田。,オリジナル,ソロ,2022/06/15,Steal your heart,,
M0491,リビングハート,りびんぐはーと,となりの坂田。,オリジナル,ソロ,2023/05/28,home,,
M0492,Madness…,まっどねす,となりの坂田。,オリジナル,ソロ,2023/06/03,home,,
M0493,無駄≠無駄,むだむだ,となりの坂田。,オリジナル,ソロ,2023/06/03,home,,
M0494,So happy!!!,そーはっぴー,となりの坂田。,オリジナル,ソロ,2023/06/03,home,,
M0495,ぽんこつレッド,ぽんこつれっど,となりの坂田。,オリジナル,ソロ,2024/06/06,HERO,,
M0496,TORICCO,とりこ,となりの坂田。,オリジナル,ソロ,2024/06/06,HERO,,
M0497,IN THE NEON,いんざねおん,となりの坂田。,オリジナル,ソロ,2024/06/06,HERO,,
M0498,独断,どくだん,となりの坂田。,オリジナル,ソロ,2024/06/06,HERO,,
M0499,ごめんやっぱ好き,ごめんやっぱすき,となりの坂田。,オリジナル,ソロ,2024/06/06,HERO,,
M0500,忘却ヒーロー,ぼうきゃくひーろー,となりの坂田。,オリジナル,ソロ,2024/06/05,HERO,,
M0501,Drip,どりっぷ,となりの坂田。,オリジナル,ソロ,2025/05/18,Nurse,,
M0502,助けてナースコール！,たすけてなーすこーる,となりの坂田。,オリジナル,ソロ,2025/05/27,Nurse,,
M0503,チェックワンツー,ちぇっくわんつー,となりの坂田。,オリジナル,ソロ,2025/02/27,Nurse,,
M0504,カルテ,かるて,となりの坂田。,オリジナル,ソロ,2025/05/27,Nurse,,
M0505,Datency,だてんし,となりの坂田。,オリジナル,ソロ,2025/05/27,Nurse,,
M0506,ゲッカビジン,げっかびじん,センラ,オリジナル,ソロ,2016/05/30,non defective,,
M0507,First kiss and...,ふぁーすときすあんど,センラ,カバー,ソロ,2016/05/30,non defective,,
M0508,秘密男女の関係,ひみつだんじょのかんけい,センラ,カバー,ソロ,2016/05/30,non defective,,
M0509,シニカルブルーは眠らない,しにかるぶるーはねむらない,センラ,カバー,ソロ,2016/05/30,non defective,,
M0510,Fake my dreams,ふぇいくまいどりーむ,センラ,オリジナル,ソロ,2016/05/30,non defective,,
M0511,ツギハギスタッカート,つぎはぎすたっかーと,センラ,カバー,ソロ,2016/05/30,non defective,,
M0512,鏡花水月,きょうかすいげつ,センラ,カバー,ソロ,2016/05/30,non defective,,
M0513,オリオン,おりおん,センラ,カバー,ソロ,2016/05/30,non defective,,
M0514,ラブレター・フロム・メランコリー,らぶれたーふろむめらんこりー,センラ,カバー,ソロ,2016/05/30,non defective,,
M0515,リップサービス,りっぷさーびす,センラ,カバー,ソロ,2016/05/30,non defective,,
M0516,誰かのヒーロー,だれかのひーろー,センラ,オリジナル,ソロ,2016/05/30,non defective,,
M0517,ジグザグストーリー,じぐざぐすとーりー,センラ,オリジナル,ソロ,2016/05/30,non defective,,
M0518,ホシアイ,ほしあい,センラ,カバー,ソロ,2016/05/30,non defective,,
M0519,give you up,ぎぶゆーあっぷ,センラ,オリジナル,ソロ,2019/11/01,Lüge,,
M0520,Faker,ふぇいかー,センラ,オリジナル,ソロ,2019/11/01,Lüge,,
M0521,ミレエジ,みれえじ,センラ,オリジナル,ソロ,2019/11/01,Lüge,,
M0522,ステゼリフ,すてぜりふ,センラ,オリジナル,ソロ,2019/11/01,Lüge,,
M0523,エノウ,えのう,センラ,オリジナル,ソロ,2019/11/01,Lüge,,
M0524,マスカレイダア,ますかれいだあ,センラ,オリジナル,ソロ,2019/11/01,Lüge,,
M0525,脳内シェイカー,のうないしぇいかー,センラ,オリジナル,ソロ,2019/11/01,Lüge,,
M0526,嘘吐,うそつき,センラ,オリジナル,ソロ,2019/11/01,Lüge,,
M0527,シックスセンス-6th SENSE-,しっくすせんす,センラ,オリジナル,ソロ,2019/11/01,Lüge,,
M0528,J'adore,じゃどーる,センラ,オリジナル,ソロ,2021/09/25,À la mode,,正確な発売日なし
M0529,妄想ショコラティエ,もうそうしょこらてぃえ,センラ,オリジナル,ソロ,2021/10/15,À la mode,,
M0530,Pudding,ぷでぃんぐ,センラ,オリジナル,ソロ,2021/10/15,À la mode,,
M0531,Holiday,ほりでー,センラ,オリジナル,ソロ,2021/05/04,À la mode,,
M0532,マイナーアラモード,まいなーあらもーど,センラ,オリジナル,ソロ,2021/10/15,À la mode,,
M0533,ティラミスユー,てぃらみすゆー,センラ,オリジナル,ソロ,2021/10/19,À la mode,,
M0534,絡メル,からめる,センラ,オリジナル,ソロ,2021/10/15,À la mode,,
M0535,メロ,めろ,センラ,オリジナル,ソロ,2021/10/03,À la mode,,
M0536,パンペルデュ,ぱんぺるでゅ,センラ,オリジナル,ソロ,2021/10/15,À la mode,,
M0537,Sweet Night,すいーとないと,センラ,オリジナル,ソロ,2021/10/15,À la mode,,
M0538,レイトショー,れいとしょー,センラ,オリジナル,ソロ,2021/10/15,À la mode,,
M0539,ヘイジー,へいじー,センラ,オリジナル,ソロ,2020/08/21,À la mode,,
M0540,cream,くりーむ,センラ,オリジナル,ソロ,2021/10/15,À la mode,,
M0541,透明,とうめい,センラ,オリジナル,ソロ,2022/10/29,VERITE,,
M0542,vain,ゔぁいん,センラ,オリジナル,ソロ,2022/10/22,VERITE,,
M0543,NIGHT SCREAMER,ないとすくりーまー,センラ,オリジナル,ソロ,2022/10/29,VERITE,,
M0544,ネバースリープ,ねばーすりーぷ,センラ,オリジナル,ソロ,2022/10/29,VERITE,,
M0545,Intention,いんてんしょん,センラ,オリジナル,ソロ,2022/10/29,VERITE,,
M0546,cute you,きゅーとゆー,センラ,オリジナル,ソロ,2022/10/29,VERITE,,
M0547,アーティスト,あーてぃすと,センラ,オリジナル,ソロ,2023/10/27,GOSSIP,,
M0548,難解愛想,なんかいあいそう,センラ,オリジナル,ソロ,2023/10/27,GOSSIP,,
M0549,Flash Fever,ふらっしゅふぃーばー,センラ,オリジナル,ソロ,2023/10/27,GOSSIP,,
M0550,Dolce Vita,どるちぇゔぃーた,センラ,オリジナル,ソロ,2023/10/27,GOSSIP,,
M0551,1ミリの関係。,いちみりのかんけい,センラ,オリジナル,ソロ,2023/10/27,GOSSIP,,
M0552,Go!Go!Ship!,ごーごーしっぷ,センラ,オリジナル,ソロ,2023/10/27,GOSSIP,,
M0553,痕跡,こんせき,センラ,オリジナル,ソロ,2023/10/26,GOSSIP,,
M0554,秘密リミッター,ひみつりみったー,センラ,オリジナル,ソロ,2024/10/18,MARCEL,,
M0555,タオルとラストノート。,たおるとらすとのーと,センラ,オリジナル,ソロ,2024/10/18,MARCEL,,
M0556,maison,めぞん,センラ,オリジナル,ソロ,2024/10/18,MARCEL,,
M0557,さよならウィステリア,さよならうぃすてりあ,センラ,オリジナル,ソロ,2024/10/18,MARCEL,,
M0558,Spicy,すぱいしー,センラ,オリジナル,ソロ,2024/10/18,MARCEL,,
M0559,EYES ON ME,あいずおんみー,センラ,オリジナル,ソロ,2024/10/18,MARCEL,,
M0560,アイボリー,あいぼりー,センラ,オリジナル,ソロ,2025/09/20,Brun,,
M0561,Werewolf,うぇあうるふ,センラ,オリジナル,ソロ,2025/10/18,Brun,,
M0562,Wrapping Love,らっぴんぐらぶ,センラ,オリジナル,ソロ,2025/10/18,Brun,,
M0563,めんどうで、甘い。,めんどうであまい,センラ,オリジナル,ソロ,2025/10/18,Brun,,
M0564,甘噛み,あまがみ,センラ,オリジナル,ソロ,2025/10/18,Brun,,
M0565,翻弄の一途,ほんろうのいっと,センラ,オリジナル,ソロ,2025/10/18,Brun,,
M0566,オランジェット,おらんじぇっと,センラ,オリジナル,ソロ,2025/10/03,Brun,,
M0567,美しくあれ！,うつくしくあれ,センラ,オリジナル,ソロ,2025/02/01,美しくあれ！,,
M0568,Lie or Truth,らいおあとぅるーす,センラ,オリジナル,ソロ,2025/02/26,美しくあれ！,,
M0569,ゆらめき,ゆらめき,センラ,オリジナル,ソロ,2025/02/26,美しくあれ！,,
M0570,ストリーミングハート,すとりーみんぐはーと,浦島坂田船,カバー,全員,-,-,,
M0571,絶え間なく藍色,たえまなくあいいろ,となりの坂田。,カバー,ソロ,2019/10/07,-,,
M0572,モニタリング,もにたりんぐ,志麻,カバー,ソロ,2025/10/19,-,,
M0573,プロポーズ,ぷろぽーず,うらたぬき,カバー,ソロ,2025/08/09,-,,
M0574,ニビイロドロウレ,にびいろどろうれ,となりの坂田。,カバー,ソロ,2019/02/07,-,,
M0575,リコレクションエンドロウル,りこれくしょんえんどろうる,"うらたぬき,センラ",カバー,ペア,2018/12/22,-,,
M0576,カメリア・コンプレックス,かめりあこんぷれっくす,志麻,カバー,ソロ,2018/03/02,-,,
M0577,愛して？~Love me do,あいしてらぶみーどぅー,センラ,カバー,ソロ,2015/06/01,-,,
M0578,アリアドネ,ありあどね,センラ,カバー,ソロ,2015/05/25,-,,
M0579,ねぇ、どろどろさん,ねぇどろどろさん,となりの坂田。,カバー,ソロ,2018/12/10,-,,
M0580,テオ,てお,"うらたぬき,志麻",カバー,ソロ,,-,,
M0581,悪魔の踊り方,あくまのおどりかた,浦島坂田船,カバー,全員,-,-,,
M0582,君色々移り,きみいろいろうつり,浦島坂田船,カバー,全員,,,,
M0583,ヒバナ,ひばな,浦島坂田船,カバー,全員,-,-,,
M0584,拝啓ドッペルゲンガー,はいけいどっぺるげんがー,浦島坂田船,カバー,全員,-,-,,
M0585,ロミオとシンデレラ,ろみおとしんでれら,うらたぬき,カバー,ソロ,2025/05/23,-,,
M0586,magnet,まぐねっと,"志麻,となりの坂田。",カバー,ペア,-,-,,
M0587,ショットガン・ラヴァーズ,しょっとがんらばーず,うらたぬき,カバー,ソロ,2026/08/30,-,,
M0588,アイのシナリオ,あいのしなりお,浦島坂田船,カバー,全員,-,-,,
M0589,夕立のりぼん,ゆうだちのりぼん,センラ,カバー,ソロ,-,-,,
M0590,シャルル,しゃるる,志麻,カバー,ソロ,2017/02/22,-,,
M0591,SNOBBISM,しのびずむ,となりの坂田。,カバー,ソロ,2018/04/14,-,,
M0592,ローリンガール,ろーりんがーる,うらたぬき,カバー,ソロ,-,-,,
M0593,リンカーネイション,りんかーねいしょん,"うらたぬき,センラ",カバー,ペア,-,-,,
M0594,,,,,,,,,
M0595,スペシャルパフェ,すぺしゃるぱふぇ,センラ,オリジナル,ソロ,,-,,
M0596,すーぱーぬこになりたい,すーぱーぬこになりたい,浦島坂田船,カバー,全員,-,-,,
M0597,回る空うさぎ,まわるそらうさぎ,となりの坂田。,カバー,ソロ,2016/12/09,-,,
M0598,百花繚乱デンジャービーツ,ひゃっかりょうらんでんじゃーびーつ,浦島坂田船,カバー,全員,-,-,,
M0599,SWEET,すうぃーと,浦島坂田船,カバー,全員,-,-,,
M0600,マウントリタガール,まうんとりたがーる,"うらたぬき,志麻",カバー,ペア,-,-,,
M0601,アッシュなミルクティー,あっしゅなみるくてぃー,センラ,カバー,ソロ,2017/12/23,-,,
M0602,10 CARAT CHOCOLATE,てんからっとちょこれーと,センラ,カバー,ソロ,-,-,,
M0603,ターミナル,たーみなる,センラ,カバー,ソロ,2018/02/27,-,,
M0604,pianissimo,ぴあにっしも,センラ,カバー,ソロ,2025/09/05,-,,
M0605,プロポーズ,ぷろぽーず,センラ,カバー,ソロ,-,-,,
M0606,禁断少女プラスA,きんだんしょうじょぷらすえー,志麻,カバー,ソロ,-,-,,
M0607,レーヴ,れーゔ,志麻,オリジナル,ソロ,2021/05/02,-,,
M0608,最適解,さいてきかい,志麻,オリジナル,ソロ,2019/04/18,-,,
M0609,bouquet,ぶーけ,志麻,カバー,ソロ,2026/06/01,-,,
M0610,オレンジ,おれんじ,センラ,カバー,ソロ,-,-,,
M0611,ずうっといっしょ！,ずうっといっしょ,センラ,カバー,ソロ,2024/07/07,-,,
M0612,lamb.,らむ,センラ,カバー,ソロ,-,-,,
M0613,嫉妬ガール,しっとがーる,浦島坂田船,カバー,全員,2026/06/05,-,,
M0614,THE TABOO,ざたぶー,浦島坂田船,オリジナル,全員,2026/06/12,TA13OO,,
M0615,マスカレード,ますかれーど,浦島坂田船,オリジナル,全員,2026/06/20,TA13OO,,
M0616,火炎,かえん,浦島坂田船,オリジナル,全員,2026/07/01,TA13OO,,
M0617,Hate me↑↑ Love me↓↓,へいとみーらぶみー,浦島坂田船,オリジナル,全員,2026/07/01,TA13OO,,
M0618,エンドレステイル,えんどれすている,浦島坂田船,オリジナル,全員,2026/07/01,TA13OO,,
M0619,Addiction,あでぃくしょん,うらたぬき,オリジナル,ソロ,2026/07/01,TA13OO,,
M0620,Wolf Gang,うるふぎゃんぐ,志麻,オリジナル,ソロ,2026/07/01,TA13OO,,
M0621,ヒットチューン,ひっとちゅーん,となりの坂田。,オリジナル,ソロ,2026/07/01,TA13OO,,
M0622,Tokyo Highway Driving,とうきょうはいうぇいどらいびんぐ,センラ,オリジナル,ソロ,2026/07/01,TA13OO,,
M0623,アナタサエ,あなたさえ,"うらたぬき,となりの坂田。",オリジナル,ペア,2026/07/01,TA13OO,,
M0624,独占フルスロットル,どくせんふるすろっとる,"志麻,センラ",オリジナル,ペア,2026/07/01,TA13OO,,
M0625,秘密のプレイルーム,ひみつのぷれいるーむ,浦島坂田船,オリジナル,全員,2026/07/01,TA13OO,,
M0626,Why?感情発表祭,わいかんじょうはっぴょうさい,浦島坂田船,オリジナル,全員,2026/06/30,TA13OO,,
M0627,Call!!,こーる,センラ,カバー,ソロ,2023/06/24,-,,
M0628,フィクサー,ふぃくさー,センラ,カバー,ソロ,2017/08/18,-,,
M0629,ROUTE 23,るーとにじゅうさん,センラ,カバー,ソロ,2020/10/10,-,,
MEDLEY_10th,浦島坂田船メモリアルメドレー,うらしまさかたせんめもりあるめどれー,浦島坂田船,オリジナル,全員,-,-,,
M0630,曖昧劣情Lover,あいまいれつじょうらばー,センラ,カバー,ソロ,2014/12/13,-,,
M0631,またねがあれば,またねがあれば,センラ,カバー,ソロ,2021/03/31,-,,
M0632,スパイラル,すぱいらる,センラ,オリジナル,ソロ,2019/01/16,18edge,,
M0633,ファーストレディー,ふぁーすとれでぃー,センラ,カバー,ソロ,2019/02/09,-,,
M0634,スキスキ絶頂症,すきすきぜっちょうしょう,センラ,カバー,ソロ,-,-,,
M0635,STAR TRAIN,すたーとれいん,となりの坂田。,オリジナル,ソロ,2026/05/31,STAR[T]RAIL,,
M0636,夜に浮かぶ,よるにうかぶ,となりの坂田。,オリジナル,ソロ,2026/05/31,STAR[T]RAIL,,
M0637,今を愛せてるか,いまをあいせてるか,となりの坂田。,オリジナル,ソロ,2026/05/31,STAR[T]RAIL,,
M0638,ワンルーム・ヘブンリー,わんるーむへぶんりー,となりの坂田。,オリジナル,ソロ,2026/05/31,STAR[T]RAIL,,
M0639,銀河の底で恋をする,ぎんがのそこでこいをする,となりの坂田。,オリジナル,ソロ,2026/05/31,STAR[T]RAIL,,
M0640,イデア,いであ,となりの坂田。,カバー,ソロ,,-,,
M0641,夜明けと蛍,よあけとほたる,となりの坂田。,カバー,ソロ,,-,,
M0642,年に一夜の恋模様,ねんにひとよのこいもよう,となりの坂田。,カバー,ソロ,,-,,
M0643,虚無さん,にひるさん,となりの坂田。,カバー,ソロ,,-,,
M0644,惑星ループ,わくせいるーぷ,となりの坂田。,カバー,ソロ,,-,,
M0645,彗星ハネムーン,すいせいはねむーん,となりの坂田。,カバー,ソロ,,-,,
M0646,太陽系デスコ,たいようけいですこ,となりの坂田。,カバー,ソロ,,-,,
M0647,"Fairytale,",ふぇありーている,となりの坂田。,カバー,ソロ,,-,,
M0648,星に願いを,ほしにねがいを,となりの坂田。,カバー,ソロ,,-,,
M0649,砂の惑星,すなのわくせい,となりの坂田。,カバー,ソロ,,-,,
M0650,深海少女,しんかいしょうじょ,となりの坂田。,カバー,ソロ,,-,,
M0651,キャラバン,きゃらばん,となりの坂田。,カバー,ソロ,,-,,
M0652,とても素敵な六月でした,とてもすてきなろくがつでした,となりの坂田。,カバー,ソロ,,-,,
M0653,生き証人,いきしょうにん,となりの坂田。,カバー,ソロ,,-,,
M0654,Mermaid,まーめいど,となりの坂田。,カバー,ソロ,,-,,
M0655,好きすぎて滅！,すきすぎてめつ,浦島坂田船,カバー,全員,2026/08/29,-,,
M0656,BLACK ROSE,ぶらっくろーず,うらたぬき,オリジナル,ソロ,2026/05/09,Black Rose,,
M0657,Utopia Romance,ゆーとぴあろまんす,うらたぬき,オリジナル,ソロ,2026/07/27,Black Rose,,
M0658,Sexy Spider,せくしーすぱいだー,うらたぬき,オリジナル,ソロ,2026/07/27,Black Rose,,
M0659,欲しがっちゃいな高揚感,ほしがっちゃいなこうようかん,うらたぬき,オリジナル,ソロ,2026/07/27,Black Rose,,
M0660,キュンピネス(*´˘` )❤,きゅんぴねす,うらたぬき,オリジナル,ソロ,2026/07/24,Black Rose,,
M0661,いくつになっても,いくつになっても,うらたぬき,オリジナル,ソロ,2026/07/27,Black Rose,,
M0662,ゆるされますか,ゆるされますか,うらたぬき,オリジナル,ソロ,2026/07/27,Black Rose,,
M0663,カンタレラ,かんたれら,うらたぬき,カバー,ソロ,2020/05/06,-,,
M0664,白い雪のプリンセスは,しろいゆきのぷりんせすは,うらたぬき,カバー,ソロ,2024/05/04,-,,
M0665,プリンセスに口づけを,ぷりんせすにくちづけを,うらたぬき,カバー,ソロ,-,-,,
M0666,超最強,ちょうさいきょう,うらたぬき,カバー,ソロ,-,-,,
M0667,たぬきのぽんぽこ祭り,たぬきのぽんぽこまつり,うらたぬき,オリジナル,ソロ,2024/02/02,-,,
M0668,たぬきのぽんぽこ祭り2,たぬきのぽんぽこまつりに,うらたぬき,オリジナル,ソロ,2025/02/08,-,,
M0669,たぬきのぽんぽこ祭り3,たぬきのぽんぽこまつりさん,うらたぬき,オリジナル,ソロ,2026/05/26,-,,
M0670,ホシアイ,ほしあい,うらたぬき,カバー,ソロ,2014/07/07,-,,
M0671,自堕落,じだらく,うらたぬき,カバー,ソロ,2020/06/07,-,,
M0672,威風堂々,いふうどうどう,うらたぬき,カバー,ソロ,2020/05/05,-,,
M0673,え？あぁ、そう。,えああそう,うらたぬき,カバー,ソロ,,,,
M0674,乱躁滅裂ガール,らんそうめつれつがーる,うらたぬき,カバー,ソロ,,,,
M0675,テオ,てお,うらたぬき,カバー,ソロ,,,,
M0676,最強Drive!!,さいきょうどらいぶ,うらたぬき,カバー,ソロ,,,,
M0677,恋のMAGIC,こいのまじっく,うらたぬき,オリジナル,ソロ,,,,
M0678,しわ,しわ,うらたぬき,カバー,ソロ,,,,
M0679,ポジティブ・パレード,ぽじてぃぶぱれーど,となりの坂田。,カバー,ソロ,2020/03/05,-,,
M0680,POP INTO YOU,ぽっぷいんとぅゆー,となりの坂田。,オリジナル,ソロ,2025/03/28,POP INTO YOU,,
M0681,LOVE×MAGiC,らぶまじっく,となりの坂田。,オリジナル,ソロ,2025/03/28,POP INTO YOU,,
M0682,My Fight,まいふぁいと,となりの坂田。,オリジナル,ソロ,2025/03/28,POP INTO YOU,,
M0683,世界の真ん中を歩く,せかいのまんなかをあるく,となりの坂田。,カバー,ソロ,2017/03/30,-,,
M0684,シザーナイフ,しざーないふ,となりの坂田。,カバー,ソロ,-,-,,
M0685,ヤキモチの答え,やきもちのこたえ,となりの坂田。,カバー,ソロ,-,-,,
M0686,ド屑,どくず,となりの坂田。,カバー,ソロ,-,-,,
M0687,ジャンキーナイトタウンオーケストラ,じゃんきーないとたうんおーけすとら,となりの坂田。,カバー,ソロ,-,-,,
M0688,毒占欲,どくせんよく,となりの坂田。,カバー,ソロ,-,-,,
M0689,夜もすがら君想ふ,よもすがらきみおもう,となりの坂田。,カバー,ソロ,-,-,,
M0690,病名は愛だった,びょうめいはあいだった,となりの坂田。,カバー,ソロ,-,-,,
M0691,少女レイ,しょうじょれい,となりの坂田。,カバー,ソロ,-,-,,
M0692,Calc.,かるく,となりの坂田。,カバー,ソロ,-,-,,
M0693,きみへ,きみへ,となりの坂田。,カバー,ソロ,-,-,,
M0694,天樂-双響-,てんがくそうきょう,志麻,カバー,ソロ,-,-,,
M0695,吉原ラメント,よしわららめんと,志麻,カバー,ソロ,-,-,,
M0696,ショパンと氷の白鍵,しょぱんとこおりのはっけん,志麻,カバー,ソロ,-,-,,
M0697,乱×銃,らんがん,志麻,カバー,ソロ,-,-,,
M0698,桜ノ雨,さくらのあめ,志麻,カバー,ソロ,-,-,,
M0699,曖昧劣情Lover,あいまいれつじょうらばー,志麻,カバー,ソロ,-,-,,
M0700,,,,,,,,,
M0701,,,,,,,,,
M0702,,,,,,,,,
M0703,,,,,,,,,