公演ID,パターンID,VAR_A,VAR_B,VAR_C,VAR_D,VAR_E,VAR_F,VAR_G,VAR_H,VAR_I,VAR_J,VAR_K,VAR_L,VAR_M,VAR_N,VAR_SL_ur1,VAR_SL_ur2,VAR_SL_ur3,VAR_SL_ur4,VAR_SL_ur5,VAR_SL_ur6,VAR_SL_sm1,VAR_SL_sm2,VAR_SL_sk1,VAR_SL_sk2,VAR_SL_sn1,VAR_SL_sn2,VAR_SL_sn3,VAR_SL_sn4,VAR_SL_sn5
2026_spring_01,2026_spring_base,M0268,M_NAN,M0574,M0575,M0576,M0577,M0386,M0013,M0260,M0207,M_NAN,M0189,M0248,M_NAN,,,,,,,,,,,,,,,
2026_spring_02,2026_spring_base,M0154,M_NAN,M0319,M0411,M0007,M0578,M0579,M0580,M0084,M0209,M_NAN,M0080,M0287,M_NAN,,,,,,,,,,,,,,,
2026_spring_03,2026_spring_base,M0268,M_NAN,M0411,M0184,M0386,M0579,M0578,M0003,M0260,M0207,M_NAN,M0189,M0248,M_NAN,,,,,,,,,,,,,,,
2026_spring_04,2026_spring_base,M0268,M_NAN,M0574,M0575,M0576,M0577,M0386,M0013,M0260,M0207,M_NAN,M0189,M0248,M_NAN,,,,,,,,,,,,,,,
2026_spring_05,2026_spring_base,M0154,M_NAN,M0319,M0411,M0007,M0578,M0579,M0580,M0084,M0209,M_NAN,M0080,M0287,M_NAN,,,,,,,,,,,,,,,
2026_spring_06,2026_spring_base,M0268,M_NAN,M0411,M0184,M0386,M0579,M0578,M0003,M0260,M0207,M_NAN,M0189,M0248,M_NAN,,,,,,,,,,,,,,,
2026_spring_07,2026_spring_base,M0268,M_NAN,M0574,M0575,M0576,M0577,M0386,M0013,M0260,M0207,M_NAN,M0189,M0248,M_NAN,,,,,,,,,,,,,,,
2026_spring_08,2026_spring_base,M0154,M_NAN,M0319,M0411,M0007,M0578,M0579,M0580,M0084,M0209,M_NAN,M0080,M0287,M_NAN,,,,,,,,,,,,,,,
2026_spring_09,2026_spring_base,M0268,M_NAN,M0411,M0184,M0386,M0579,M0578,M0003,M0260,M0207,M_NAN,M0189,M0287,M_NAN,,,,,,,,,,,,,,,
2026_spring_10,2026_spring_base,M0268,M_NAN,M0574,M0575,M0576,M0577,M0386,M0013,M0260,M0207,M_NAN,M0189,M0287,M_NAN,,,,,,,,,,,,,,,
2026_spring_11,2026_spring_base,M0154,M_NAN,M0319,M0411,M0007,M0578,M0579,M0580,M0084,M0207,M_NAN,M0080,M0248,M_NAN,,,,,,,,,,,,,,,
2026_spring_12,2026_spring_base,M0268,M_NAN,M0411,M0184,M0386,M0579,M0578,M0003,M0260,M0209,M_NAN,M0189,M0287,M_NAN,,,,,,,,,,,,,,,
2026_spring_13,2026_spring_base,M0268,M_NAN,M0574,M0575,M0576,M0577,M0386,M0013,M0260,M0209,M_NAN,M0189,M0287,M_NAN,,,,,,,,,,,,,,,
2026_spring_14,2026_spring_base,M0154,M_NAN,M0319,M0411,M0007,M0578,M0579,M0580,M0084,M0207,M_NAN,M0080,M0248,M_NAN,,,,,,,,,,,,,,,
2026_spring_15,2026_spring_base,M0268,M_NAN,M0411,M0184,M0386,M0579,M0578,M0003,M0260,M0209,M_NAN,M0189,M0287,M_NAN,,,,,,,,,,,,,,,
2026_spring_16,2026_spring_base,M0154,M_NAN,M0319,M0411,M0007,M0578,M0579,M0580,M0084,M0207,M_NAN,M0080,M0248,M_NAN,,,,,,,,,,,,,,,
2026_spring_17,2026_spring_base,M0268,M0301,M0319,M0411,M0007,M0578,M0579,M0580,M0084,M0207,M0251,M0189,M0248,M0296,,,,,,,,,,,,,,,
2026_spring_18,2026_spring_base,M0154,M0301,M0574,M0575,M0576,M0577,M0386,M0013,M0260,M0209,M0251,M0080,M0287,M0002,,,,,,,,,,,,,,,
2025_halloween_01,2025_halloween_base,M0253,M0205,M0571,M0385,M0572,M0554,M0221,M_NAN,,,,,,,,,,,,,,,,,,,,,
2025_halloween_02,2025_halloween_base,M0570,M0279,M0568,M0437,M0573,M0472,M0143,M0096,,,,,,,,,,,,,,,,,,,,,
2025_halloween_03,2025_halloween_base,M0253,M0205,M0571,M0385,M0572,M0554,M0221,M_NAN,,,,,,,,,,,,,,,,,,,,,
2025_halloween_04,2025_halloween_base,M0570,M0279,M0568,M0437,M0573,M0472,M0143,M_NAN,,,,,,,,,,,,,,,,,,,,,
2025_summer_01,2025_summer_base,M0043,M0583,M0107,M0210,M_NAN,M0088,M_NAN,,,,,,,,,,,,,,,,,,,,,,
2025_summer_02,2025_summer_base,M0151,M0584,M0171,M0169,M_NAN,M0034,M_NAN,,,,,,,,,,,,,,,,,,,,,,
2025_summer_03,2025_summer_base,M0043,M0583,M0107,M0210,M_NAN,M0088,M_NAN,,,,,,,,,,,,,,,,,,,,,,
2025_summer_04,2025_summer_base,M0151,M0584,M0171,M0169,M_NAN,M0034,M_NAN,,,,,,,,,,,,,,,,,,,,,,
2025_summer_05,2025_summer_base,M0151,M0584,M0171,M0169,M_NAN,M0034,M_NAN,,,,,,,,,,,,,,,,,,,,,,
2025_summer_06,2025_summer_base,M0043,M0583,M0107,M0210,M0228,M0088,M_NAN,,,,,,,,,,,,,,,,,,,,,,
2025_summer_07,2025_summer_base,M0151,M0584,M0171,M0169,M_NAN,M0034,M_NAN,,,,,,,,,,,,,,,,,,,,,,
2025_summer_08,2025_summer_base,M0043,M0583,M0107,M0210,M_NAN,M0088,M_NAN,,,,,,,,,,,,,,,,,,,,,,
2025_summer_09,2025_summer_base,M0043,M0583,M0107,M0210,M_NAN,M0088,M_NAN,,,,,,,,,,,,,,,,,,,,,,
2025_summer_10,2025_summer_base,M0151,M0584,M0171,M0169,M_NAN,M0034,M_NAN,,,,,,,,,,,,,,,,,,,,,,
2025_summer_11,2025_summer_base,M0151,M0584,M0171,M0169,M_NAN,M0034,M_NAN,,,,,,,,,,,,,,,,,,,,,,
2025_summer_12,2025_summer_base,M0043,M0583,M0107,M0210,M_NAN,M0088,M0248,,,,,,,,,,,,,,,,,,,,,,
2025_spring_01,2025_spring_base,M0223,M0080,M0382,M0426,M0530,M0493,,M0037,M0196,M0188,,M_NAN,,,,,,,,,,,,,,,,,
2025_spring_02,2025_spring_base,M0207,M0162,M0541,M0479,M0715,M0422,,M0045,M0208,M0237,M0022,M_NAN,,,,,,,,,,,,,,,,,
2025_spring_03,2025_spring_base,M0223,M0080,M0382,M0426,M0530,M0493,,M0037,M0196,M0188,,M_NAN,,,,,,,,,,,,,,,,,
2025_spring_04,2025_spring_base,M0207,M0162,M0541,M0479,M0715,M0422,,M0045,M0208,M0237,M0022,M_NAN,,,,,,,,,,,,,,,,,
2025_spring_05,2025_spring_base,M0223,M0080,M0110,,M0557,M0667,M0235,M0094,M0208,M0237,M0022,M_NAN,,,,,,,,,,,,,,,,,
2025_spring_06,2025_spring_base,M0223,M0080,M0382,M0426,M0530,M0493,,M0037,M0196,M0188,,M_NAN,,,,,,,,,,,,,,,,,
2025_spring_07,2025_spring_base,M0207,M0162,M0541,M0479,M0715,M0422,,M0045,M0208,M0237,M0022,M_NAN,,,,,,,,,,,,,,,,,
2025_spring_08,2025_spring_base,M0223,M0080,M0110,,M0557,M0667,M0235,M0094,M0208,M0237,M0022,M_NAN,,,,,,,,,,,,,,,,,
2025_spring_09,2025_spring_base,M0223,M0080,M0382,M0426,M0530,M0493,,M0037,M0196,M0188,,M_NAN,,,,,,,,,,,,,,,,,
2025_spring_10,2025_spring_base,M0207,M0162,,M0479,M0715,M0422,,M0045,M0208,M0237,M0022,M_NAN,,,,,,,,,,,,,,,,,
2025_spring_11,2025_spring_base,M0223,M0080,M0110,,M0557,M0667,M0235,M0094,M0208,M0237,M0022,M_NAN,,,,,,,,,,,,,,,,,
2025_spring_12,2025_spring_base,M0223,M0080,M0382,M0426,M0530,M0493,,M0037,M0196,M0188,,M_NAN,,,,,,,,,,,,,,,,,
2025_spring_13,2025_spring_base,M0207,M0162,M0382,M0479,,M0422,,M0045,M0208,M0237,M0022,M_NAN,,,,,,,,,,,,,,,,,
2025_spring_14,2025_spring_base,M0223,M0080,M0110,,M0557,M0667,M0235,M0094,M0208,M0237,M0022,M_NAN,,,,,,,,,,,,,,,,,
2025_spring_15,2025_spring_base,M0223,M0080,M0382,M0426,M0530,M0493,,M0037,M0196,M0188,,M_NAN,,,,,,,,,,,,,,,,,
2025_spring_16,2025_spring_base,M0207,M0162,M0382,M0479,,M0422,,M0045,M0208,M0237,M0022,M_NAN,,,,,,,,,,,,,,,,,
2025_spring_17,2025_spring_base,M0223,M0080,M0110,,M0557,M0667,M0235,M0094,M0208,M0237,M0022,M_NAN,,,,,,,,,,,,,,,,,
2025_spring_18,2025_spring_base,M0223,M0080,M0382,M0426,M0530,M0493,,M0037,M0196,M0188,,M_NAN,,,,,,,,,,,,,,,,,
2025_spring_19,2025_spring_base,M0207,M0162,M0382,M0479,,M0422,,M0045,M0208,M0237,M0022,M_NAN,,,,,,,,,,,,,,,,,
2025_spring_20,2025_spring_base,M0223,M0080,M0110,,M0557,M0667,M0235,M0094,M0208,M0237,M0022,M_NAN,,,,,,,,,,,,,,,,,
2025_spring_21,2025_spring_base,M0223,M0080,M0382,M0426,M0530,M0493,,M0037,M0196,M0188,,M0057,,,,,,,,,,,,,,,,,
2025_spring_22,2025_spring_base,M0207,M0162,M0715,M0479,,M0422,,M0045,M0208,M0237,M0022,M0057,,,,,,,,,,,,,,,,,
2025_cover_01,2025_cover_base,,,,,,,,,,,,,,,,,,,,,,,,,,,,,
2025_cover_02,2025_cover_base,,,,,,,,,,,,,,,,,,,,,,,,,,,,,
2024_halloween_01,2024_halloween_base,,,,,,,,,,,,,,,,,,,,,,,,,,,,,
2024_halloween_02,2024_halloween_base,,,,,,,,,,,,,,,,,,,,,,,,,,,,,
2024_halloween_03,2024_halloween_base,,,,,,,,,,,,,,,,,,,,,,,,,,,,,
2024_summer_01,2024_summer_base,M0296,M0070,M_NAN,M0066,,,,,,,,,,,,,,,,,,,,,,,,,
2024_summer_02,2024_summer_base,M0274,M0171,M_NAN,M0224,,,,,,,,,,,,,,,,,,,,,,,,,
2024_summer_03,2024_summer_base,M0296,M0070,M_NAN,M0066,,,,,,,,,,,,,,,,,,,,,,,,,
2024_summer_04,2024_summer_base,M0274,M0171,M_NAN,M0224,,,,,,,,,,,,,,,,,,,,,,,,,
2024_summer_05,2024_summer_base,M0296,M0070,M_NAN,M0066,,,,,,,,,,,,,,,,,,,,,,,,,
2024_summer_06,2024_summer_base,M0274,M0171,M_NAN,M0224,,,,,,,,,,,,,,,,,,,,,,,,,
2024_summer_07,2024_summer_base,M0296,M0070,M_NAN,M0066,,,,,,,,,,,,,,,,,,,,,,,,,
2024_summer_08,2024_summer_base,M0274,M0171,M_NAN,M0224,,,,,,,,,,,,,,,,,,,,,,,,,
2024_summer_09,2024_summer_base,M0296,M0070,M_NAN,M0066,,,,,,,,,,,,,,,,,,,,,,,,,
2024_summer_10,2024_summer_base,M0274,M0171,M_NAN,M0224,,,,,,,,,,,,,,,,,,,,,,,,,
2024_summer_11,2024_summer_base,M0296,M0070,M0058,M0066,,,,,,,,,,,,,,,,,,,,,,,,,
2024_summer_12,2024_summer_base,M0274,M0171,M0205,M0224,,,,,,,,,,,,,,,,,,,,,,,,,
2024_spring_01,2024_spring_base,M0183,M0063,,,,,,,,,,,,,,,,,,,,,,,,,,,
2024_spring_02,2024_spring_base,M0095,M0092,,,,,,,,,,,,,,,,,,,,,,,,,,,
2024_spring_03,2024_spring_base,M0190,,,,,,,,,,,,,,,,,,,,,,,,,,,,
2024_spring_04,2024_spring_base,M0095,M0092,,,,,,,,,,,,,,,,,,,,,,,,,,,
2024_spring_05,2024_spring_base,,M0190,,,,,,,,,,,,,,,,,,,,,,,,,,,
2024_spring_06,2024_spring_base,,M0190,,,,,,,,,,,,,,,,,,,,,,,,,,,
2024_spring_07,2024_spring_base,M0063,M0183,,,,,,,,,,,,,,,,,,,,,,,,,,,
2024_spring_08,2024_spring_base,M0095,M0092,,,,,,,,,,,,,,,,,,,,,,,,,,,
2024_spring_09,2024_spring_base,,M0190,,,,,,,,,,,,,,,,,,,,,,,,,,,
2024_spring_10,2024_spring_base,M0095,M0092,,,,,,,,,,,,,,,,,,,,,,,,,,,
2024_spring_11,2024_spring_base,M0190,,,,,,,,,,,,,,,,,,,,,,,,,,,,
2024_spring_12,2024_spring_base,M0183,M0063,,,,,,,,,,,,,,,,,,,,,,,,,,,
2024_spring_13,2024_spring_base,,M0190,,,,,,,,,,,,,,,,,,,,,,,,,,,
2024_spring_14,2024_spring_base,M0095,M0092,,,,,,,,,,,,,,,,,,,,,,,,,,,
2024_solofes_01,BLOC_sm BLOC_sn BLOC_sk BLOC_ur 2024_solofes_base,,,,,M0249,M0278,,,,,,,,,,M0345,M0346,M0338,M0352,,M0416,,M0175,,M0550,,M0536,M0525,
2024_solofes_02,BLOC_sk BLOC_ur BLOC_sm BLOC_sn 2024_solofes_base,,,,,M0249,M0278,,,,,,,,,,M0345,M0346,M0340,M0352,,,,M0147,,M0295,,M0536,M0525,M0518
2024_solofes_03,BLOC_ur BLOC_sk BLOC_sn BLOC_sm 2024_solofes_base,,,,,M0278,M0224,,,,,,,,,M_NAN,,M0338,M0352,M0331,,,M0214,M0175,,,M0295,M0525,M0518,M0233
2023_halloween_01,2023_halloween_base,,,,,,,,,,,,,,,,,,,,,,,,,,,,,
2023_halloween_02,2023_halloween_base,,,,,,,,,,,,,,,,,,,,,,,,,,,,,
2023_summer_01,2023_summer_base,M0142,M0286,M0084,M0143,M_NAN,,,,,,,,,,,,,,,,,,,,,,,,
2023_summer_02,2023_summer_base,M0142,M0286,M0084,M0143,M_NAN,,,,,,,,,,,,,,,,,,,,,,,,
2023_summer_03,2023_summer_base,M0103,M0286,M0264,M0143,M_NAN,,,,,,,,,,,,,,,,,,,,,,,,
2023_summer_04,2023_summer_base,M0142,M0286,M0084,M0143,M_NAN,,,,,,,,,,,,,,,,,,,,,,,,
2023_summer_05,2023_summer_base,M0103,M0286,M0264,M0143,M_NAN,,,,,,,,,,,,,,,,,,,,,,,,
2023_summer_06,2023_summer_base,M0142,M0286,M0084,M0143,M_NAN,,,,,,,,,,,,,,,,,,,,,,,,
2023_summer_07,2023_summer_base,M0103,M0286,M0264,M0143,M_NAN,,,,,,,,,,,,,,,,,,,,,,,,
2023_summer_08,2023_summer_base,M0142,M0286,M0084,M0143,M_NAN,,,,,,,,,,,,,,,,,,,,,,,,
2023_summer_09,2023_summer_base,M0142,M0286,M0264,M0143,M_NAN,,,,,,,,,,,,,,,,,,,,,,,,
2023_summer_10,2023_summer_base,M0103,M0286,M0084,M0143,M_NAN,,,,,,,,,,,,,,,,,,,,,,,,
2023_summer_11,2023_summer_base,M0142,M0286,M0084,M0143,M_NAN,,,,,,,,,,,,,,,,,,,,,,,,
2023_summer_12,2023_summer_base,M0103,M0286,M0264,M0143,M_NAN,,,,,,,,,,,,,,,,,,,,,,,,
2023_summer_13,2023_summer_base,M0142,M0080,M0084,M0143,M_NAN,,,,,,,,,,,,,,,,,,,,,,,,
2023_summer_14,2023_summer_base,M0103,M0080,M0264,M0143,M_NAN,,,,,,,,,,,,,,,,,,,,,,,,
2023_summer_15,2023_summer_base,M0142,M0080,M0084,M0143,M_NAN,,,,,,,,,,,,,,,,,,,,,,,,
2023_summer_16,2023_summer_base,M0103,M0080,M0264,M0143,M_NAN,,,,,,,,,,,,,,,,,,,,,,,,
2023_summer_17,2023_summer_base,M0142,M0286,M0084,M0080,M0066,,,,,,,,,,,,,,,,,,,,,,,,
2023_spring_01,2023_spring_base,,,,,,,,,,,,,,,,,,,,,,,,,,,,,
2023_spring_02,2023_spring_base,,,,,,,,,,,,,,,,,,,,,,,,,,,,,
2023_spring_03,2023_spring_base,,,,,,,,,,,,,,,,,,,,,,,,,,,,,
2023_spring_04,2023_spring_base,,,,,,,,,,,,,,,,,,,,,,,,,,,,,
2023_spring_05,2023_spring_base,,,,,,,,,,,,,,,,,,,,,,,,,,,,,
2023_spring_06,2023_spring_base,,,,,,,,,,,,,,,,,,,,,,,,,,,,,
2023_spring_07,2023_spring_base,,,,,,,,,,,,,,,,,,,,,,,,,,,,,
2023_spring_08,2023_spring_base,,,,,,,,,,,,,,,,,,,,,,,,,,,,,
2023_spring_09,2023_spring_base,,,,,,,,,,,,,,,,,,,,,,,,,,,,,
2023_spring_10,2023_spring_base,,,,,,,,,,,,,,,,,,,,,,,,,,,,,
2023_spring_11,2023_spring_base,,,,,,,,,,,,,,,,,,,,,,,,,,,,,
2023_spring_12,2023_spring_base,,,,,,,,,,,,,,,,,,,,,,,,,,,,,
2023_10th,2023_10th_base,,,,,,,,,,,,,,,,,,,,,,,,,,,,,
2025_senra_01,2025_senra_base,M0148,M0563,M0569,M0216,M0176,,,M_NAN,,,,,,,,,,,,,,,,,,,,,
2025_senra_02,2025_senra_base,M0543,,M0565,M0053,M0550,M0553,,M_NAN,,,,,,,,,,,,,,,,,,,,,
2025_senra_03,2025_senra_base,M0148,M0563,M0569,M0216,M0176,,,M_NAN,,,,,,,,,,,,,,,,,,,,,
2025_senra_04,2025_senra_base,M0543,M0563,M0565,M0216,M0176,M0553,,M_NAN,,,,,,,,,,,,,,,,,,,,,
2025_senra_05,2025_senra_base,M0543,,M0565,M0053,M0550,M0553,,M_NAN,,,,,,,,,,,,,,,,,,,,,
2025_senra_06,2025_senra_base,M0148,M0563,M0569,M0216,M0176,,,M_NAN,,,,,,,,,,,,,,,,,,,,,
2025_senra_07,2025_senra_base,M0148,M0563,M0569,M0216,M0176,,,M_NAN,,,,,,,,,,,,,,,,,,,,,
2025_senra_08,2025_senra_base,M0543,,M0565,M0053,M0550,M0553,,M_NAN,,,,,,,,,,,,,,,,,,,,,
2025_senra_09,2025_senra_base,M0543,,M0565,M0216,M0176,,,M_NAN,,,,,,,,,,,,,,,,,,,,,
2025_senra_10,2025_senra_base,M0543,,M0565,M0053,M0550,M0553,,M0559,,,,,,,,,,,,,,,,,,,,,
2025_senra_11,2025_senra_base,M0148,M0563,M0569,M0216,M0176,,,M0233,,,,,,,,,,,,,,,,,,,,,
2026_shima_01,2026_shima_base,,M0414,M_NAN,,,,,,,,,,,,,,,,,,,,,,,,,,
2026_shima_02,2026_shima_base,M0403,M0415,M_NAN,,,,,,,,,,,,,,,,,,,,,,,,,,
2026_shima_03,2026_shima_base,,M0415,M_NAN,,,,,,,,,,,,,,,,,,,,,,,,,,
2026_shima_04,2026_shima_base,,M0415,M_NAN,,,,,,,,,,,,,,,,,,,,,,,,,,
2026_shima_05,2026_shima_base,M0403,M0414,M0406,,,,,,,,,,,,,,,,,,,,,,,,,,
2024_senra_01,2024_senra_base,M0521,M0634,M0536,,M0547,M_NAN,,,,,,,,,,,,,,,,,,,,,,,
2024_senra_02,2024_senra_base,M0511,M0535,M0524,M0295,,M_NAN,,,,,,,,,,,,,,,,,,,,,,,
2024_senra_03,2024_senra_base,M0521,M0634,M0536,,M0547,M_NAN,,,,,,,,,,,,,,,,,,,,,,,
2024_senra_04,2024_senra_base,M0511,M0535,M0524,M0295,,M_NAN,,,,,,,,,,,,,,,,,,,,,,,
2024_senra_05,2024_senra_base,M0521,M0634,M0536,,M0547,M_NAN,,,,,,,,,,,,,,,,,,,,,,,
2024_senra_06,2024_senra_base,M0511,M0535,M0524,M0295,,M_NAN,,,,,,,,,,,,,,,,,,,,,,,
2024_senra_07,2024_senra_base,M0521,M0634,M0536,,M0547,M_NAN,,,,,,,,,,,,,,,,,,,,,,,
2024_senra_08,2024_senra_base,M0511,M0535,M0524,M0295,,M_NAN,,,,,,,,,,,,,,,,,,,,,,,
2024_senra_09,2024_senra_base,M0521,M0634,M0536,,M0547,M_NAN,,,,,,,,,,,,,,,,,,,,,,,
2024_senra_10,2024_senra_base,M0511,M0535,M0524,M0295,,M_NAN,,,,,,,,,,,,,,,,,,,,,,,
2024_senra_11,2024_senra_base,M0521,M0634,M0536,,M0547,M0518,,,,,,,,,,,,,,,,,,,,,,,
2024_senra_12,2024_senra_base,M0511,M0535,M0524,M0295,,M0233,,,,,,,,,,,,,,,,,,,,,,,
2023_senra_01,2023_senra_base,M0543,M0549,M0550,M0553,M0633,M0541,M0632,M_NAN,,,,,,,,,,,,,,,,,,,,,
2023_senra_02,2023_senra_base,M0543,M0549,M0550,M0553,M0633,M0541,M_NAN,M_NAN,,,,,,,,,,,,,,,,,,,,,
2023_senra_03,2023_senra_base,,,,,,,M_NAN,M_NAN,,,,,,,,,,,,,,,,,,,,,
2023_senra_04,2023_senra_base,M0257,M0550,M0549,M0543,M0553,M0633,M_NAN,M_NAN,,,,,,,,,,,,,,,,,,,,,
2023_senra_05,2023_senra_base,M0257,M0550,M0549,M0543,M0553,M0633,M_NAN,M_NAN,,,,,,,,,,,,,,,,,,,,,
2023_senra_06,2023_senra_base,M0257,M0550,M0549,M0543,M0553,M0633,M_NAN,M_NAN,,,,,,,,,,,,,,,,,,,,,
2023_senra_07,2023_senra_base,M0257,M0550,M0549,M0543,M0553,M0633,M_NAN,M_NAN,,,,,,,,,,,,,,,,,,,,,
2023_senra_08,2023_senra_base,M0257,M0550,M0549,M0543,M0553,M0633,M_NAN,M0233,,,,,,,,,,,,,,,,,,,,,
2026_sakata_01,2026_sakata_base,M0475,M0644,M0647,M0462,M0643,M0653,M_NAN,,,,,,,,,,,,,,,,,,,,,,
2026_sakata_02,2026_sakata_base,M0597,M0645,M0458,M0649,M0651,M0498,M_NAN,,,,,,,,,,,,,,,,,,,,,,
2026_sakata_03,2026_sakata_base,M0475,M0646,M0648,M0650,M0643,M0653,M_NAN,,,,,,,,,,,,,,,,,,,,,,
2026_sakata_04,2026_sakata_base,M0597,M0644,M0647,M0462,M0651,M0498,M_NAN,,,,,,,,,,,,,,,,,,,,,,
2026_sakata_05,2026_sakata_base,M0475,M0645,M0458,M0649,M0643,M0653,M_NAN,,,,,,,,,,,,,,,,,,,,,,
2026_sakata_06,2026_sakata_base,M0597,M0646,M0648,M0650,M0643,M0653,M0074,,,,,,,,,,,,,,,,,,,,,,
2026_sakata_07,2026_sakata_base,M0475,M0644,M0647,M0462,M0652,M0653,M0654,,,,,,,,,,,,,,,,,,,,,,
2026_summer_01,2026_summer_base,M0042,M0068,M0211,M0208,M_NAN,,,,,,,,,,,,,,,,,,,,,,,,
2026_summer_02,2026_summer_base,M0049,M0116,M0250,M0223,M_NAN,,,,,,,,,,,,,,,,,,,,,,,,
2026_summer_03,2026_summer_base,M0042,M0068,M0211,M0208,M_NAN,,,,,,,,,,,,,,,,,,,,,,,,
2026_summer_04,2026_summer_base,M0049,M0116,M0250,M0223,M_NAN,,,,,,,,,,,,,,,,,,,,,,,,
2026_summer_05,2026_summer_base,M0042,M0068,M0211,M0208,M_NAN,,,,,,,,,,,,,,,,,,,,,,,,
2026_summer_06,2026_summer_base,M0049,M0116,M0250,M0223,M_NAN,,,,,,,,,,,,,,,,,,,,,,,,
2026_summer_07,2026_summer_base,M0042,M0068,M0211,M0208,M_NAN,,,,,,,,,,,,,,,,,,,,,,,,
2026_summer_08,2026_summer_base,M0049,M0116,M0250,M0223,M_NAN,,,,,,,,,,,,,,,,,,,,,,,,
2026_summer_09,2026_summer_base,M0042,M0068,M0211,M0208,M0140,,,,,,,,,,,,,,,,,,,,,,,,
2026_summer_10,2026_summer_base,M0049,M0116,M0250,M0223,M0067,,,,,,,,,,,,,,,,,,,,,,,,
2026_urata_01,2026_urata_base,M0332,M0663,M_NAN,M0673,M_NAN,,,,,,,,,,,,,,,,,,,,,,,,
2026_urata_02,2026_urata_base,M0373,M0664,M_NAN,M0674,M_NAN,,,,,,,,,,,,,,,,,,,,,,,,
2026_urata_03,2026_urata_base,M0332,M0663,M_NAN,M0673,M_NAN,,,,,,,,,,,,,,,,,,,,,,,,
2026_urata_04,2026_urata_base,M0373,M0664,M_NAN,M0674,M_NAN,,,,,,,,,,,,,,,,,,,,,,,,
2026_urata_05,2026_urata_base,M0332,M0663,M_NAN,M0673,M_NAN,,,,,,,,,,,,,,,,,,,,,,,,
2026_urata_06,2026_urata_base,M0373,M0664,M0670,M0674,M_NAN,,,,,,,,,,,,,,,,,,,,,,,,
2026_urata_07,2026_urata_base,M0332,M0663,M_NAN,M0673,M0678,,,,,,,,,,,,,,,,,,,,,,,,
2025_sakata_01,2025_sakata_base,M_NAN,M0685,M0684,M0502,M0501,M0683,M0481,M0503,M0691,M0052,M_NAN,M0680,M0499,M0294,,,,,,,,,,,,,,,
2025_sakata_02,2025_sakata_base,M_NAN,M0686,M0501,M0684,M0502,M0640,M0215,M0503,M0691,M0052,M_NAN,M0680,M0499,M0294,,,,,,,,,,,,,,,
2025_sakata_03,2025_sakata_base,M_NAN,M0687,M0501,M0684,M0502,M0683,M0481,M0503,M0691,M0052,M_NAN,M0680,M0499,M0294,,,,,,,,,,,,,,,
2025_sakata_04,2025_sakata_base,M_NAN,M0688,M0501,M0684,M0502,M0640,M0215,M0503,M0691,M0052,M_NAN,M0680,M0499,M0294,,,,,,,,,,,,,,,
2025_sakata_05,2025_sakata_base,M_NAN,M0689,M0501,M0684,M0502,M0683,M0481,M0503,M0691,M0052,M_NAN,M0680,M0499,M0294,,,,,,,,,,,,,,,
2025_sakata_06,2025_sakata_base,M0256,M0690,M0501,M0684,M0502,M0460,M0481,M0294,M0052,M0691,M0692,M0693,M0680,M0215,,,,,,,,,,,,,,,
2025_shima_01,2025_shima_base,M0428,M0231,M0429,M0395,M0425,M0436,M_NAN,,,,,,,,,,,,,,,,,,,,,,
2025_shima_02,2025_shima_base,M_NAN,M0231,M0435,M0395,M_NAN,M0432,M_NAN,,,,,,,,,,,,,,,,,,,,,,
2025_shima_03,2025_shima_base,M_NAN,M0231,M0429,M0395,M_NAN,M0431,M_NAN,,,,,,,,,,,,,,,,,,,,,,
2025_shima_04,2025_shima_base,M_NAN,M_NAN,M0435,M0395,M_NAN,M0421,M_NAN,,,,,,,,,,,,,,,,,,,,,,
2025_shima_05,2025_shima_base,M_NAN,M_NAN,M0429,M0395,M_NAN,M0231,M_NAN,,,,,,,,,,,,,,,,,,,,,,
2025_shima_06,2025_shima_base,M_NAN,M_NAN,M0435,M0433,M_NAN,M0430,M0699,,,,,,,,,,,,,,,,,,,,,,
2025_urata_01,2025_urata_base,M0708,M0710,M0354,M0715,M0677,,,,,,,,,,,,,,,,,,,,,,,,
2025_urata_02,2025_urata_base,M0709,M0711,M0387,M0362,M0677,,,,,,,,,,,,,,,,,,,,,,,,
2025_urata_03,2025_urata_base,M0708,M0664,M0354,M0715,M0677,,,,,,,,,,,,,,,,,,,,,,,,
2025_urata_04,2025_urata_base,M0709,M0670,M0387,M0715,M0677,,,,,,,,,,,,,,,,,,,,,,,,
2025_urata_05,2025_urata_base,M0708,M0712,M0354,M0362,M0677,,,,,,,,,,,,,,,,,,,,,,,,
2025_urata_06,2025_urata_base,M0709,M0713,M0387,M0715,M0677,,,,,,,,,,,,,,,,,,,,,,,,
2025_urata_07,2025_urata_base,M0708,M0303,M0387,M0715,M0677,,,,,,,,,,,,,,,,,,,,,,,,
2025_urata_08,2025_urata_base,M0709,M0714,M0387,M0362,M0716,,,,,,,,,,,,,,,,,,,,,,,,
2025_smsk_01,2025_smsk_base,M0727,M0038,M0505,M0729,M_NAN,,,,,,,,,,,,,,,,,,,,,,,,
2025_smsk_02,2025_smsk_base,M0728,M0063,M0073,M0730,M_NAN,,,,,,,,,,,,,,,,,,,,,,,,
2025_smsk_03,2025_smsk_base,M0728,M0038,M0073,M0729,M_NAN,,,,,,,,,,,,,,,,,,,,,,,,
2025_smsk_04,2025_smsk_base,M0728,M0063,M0073,M0730,M_NAN,,,,,,,,,,,,,,,,,,,,,,,,
2025_smsk_05,2025_smsk_base,M0728,M0038,M0073,M0729,M_NAN,,,,,,,,,,,,,,,,,,,,,,,,
2025_smsk_06,2025_smsk_base,M0727,M0063,M0505,M0730,M_NAN,,,,,,,,,,,,,,,,,,,,,,,,
2025_smsk_07,2025_smsk_base,M0728,M0063,M0073,M0730,M_NAN,,,,,,,,,,,,,,,,,,,,,,,,
2025_smsk_08,2025_smsk_base,M0727,M0038,M0505,M0729,,,,,,,,,,,,,,,,,,,,,,,,,